"","Z","X1","X2","X3","X4","X5","X6","X7","X8","X9","X10","X11","X12","X13","X14","X15","sum.X","Y1","Y2","Y3","Y4","Y5","Y6","Y7","Y8","Y9","Y10","Y11","Y12","Y13","Y14","Y15","sum.Y","W","R1","R2","R3","R4","R5","R6","R7","R8","R9","R10","R11","R12","R13","R14","R15","sum.R"
"1",0.155957298399922,0,0,0,0,1,0,0,0,0,1,1,0,0,0,1,4,0,0,0,0,0,0,0,0,0,0,0,0,0,0,0,0,0,0,0,0,0,1,0,0,0,0,1,1,0,0,0,1,4
"2",-0.461901878648791,0,1,0,0,1,1,1,1,1,1,0,1,1,0,1,10,0,1,1,1,1,1,1,1,1,1,1,1,1,1,1,14,0,0,1,0,0,1,1,1,1,1,1,0,1,1,0,1,10
"3",0.864503852204411,1,1,1,0,1,1,1,1,1,1,1,1,1,1,1,14,0,0,0,0,0,1,0,0,0,0,0,0,0,0,0,1,1,1,1,1,0,1,1,1,1,1,1,1,1,1,1,1,14
"4",1.73055839497769,1,0,0,0,1,1,0,1,0,1,1,1,1,1,0,9,1,1,1,1,1,1,1,1,1,1,1,1,1,1,1,15,0,1,0,0,0,1,1,0,1,0,1,1,1,1,1,0,9
"5",0.946509920380081,1,0,0,0,1,0,1,1,1,0,1,0,0,0,1,7,0,0,0,0,1,0,0,1,0,0,1,0,0,0,0,3,0,1,0,0,0,1,0,1,1,1,0,1,0,0,0,1,7
"6",1.0556230856178,1,1,1,1,1,1,1,1,1,1,1,1,1,1,1,15,1,1,1,1,1,1,1,1,1,1,1,1,1,1,1,15,0,1,1,1,1,1,1,1,1,1,1,1,1,1,1,1,15
"7",-0.307808831639998,0,1,0,1,0,1,0,0,1,1,1,0,0,0,1,7,1,1,1,1,1,1,1,1,1,1,1,1,1,1,1,15,1,0,1,0,1,0,1,0,0,1,1,1,0,0,0,1,7
"8",0.968749092668399,0,0,0,0,1,0,0,0,0,0,0,0,0,0,0,1,0,0,0,0,0,0,0,0,0,0,0,0,0,0,0,0,0,0,0,0,0,1,0,0,0,0,0,0,0,0,0,0,1
"9",0.0105439460574537,0,0,0,1,1,0,0,1,0,1,0,1,0,0,0,5,0,0,0,0,0,0,0,0,0,0,0,0,0,0,0,0,1,0,0,0,1,1,0,0,1,0,1,0,1,0,0,0,5
"10",1.51642780332789,0,1,1,1,1,1,1,1,0,1,1,1,1,1,1,13,0,0,0,0,0,0,0,0,0,0,0,0,0,0,0,0,0,0,1,1,1,1,1,1,1,0,1,1,1,1,1,1,13
"11",0.180632638651454,0,0,0,0,0,0,0,0,0,0,1,0,0,0,1,2,0,0,0,0,1,1,0,0,0,0,1,0,0,0,1,4,1,0,0,0,0,0,0,0,0,0,0,1,0,0,0,1,2
"12",-1.06397622456436,0,0,0,0,1,1,0,0,0,1,0,1,0,0,1,5,0,0,0,0,0,0,0,0,0,0,0,0,0,0,0,0,0,0,0,0,0,0,0,0,0,0,0,0,0,0,0,0,0
"13",-0.318241745612392,1,1,1,0,1,1,1,0,1,1,1,1,1,1,1,13,1,1,1,1,1,1,1,1,1,1,1,1,1,1,1,15,0,1,1,1,0,1,1,1,0,1,1,1,1,1,1,1,13
"14",0.439686915027774,0,0,0,0,0,0,0,1,1,1,1,1,0,0,0,5,0,0,0,0,0,0,0,0,0,0,1,0,0,0,0,1,0,0,0,0,0,0,0,0,1,1,1,1,1,0,0,0,5
"15",-1.23110284005206,0,0,0,1,0,0,0,1,1,0,1,0,0,0,1,5,0,0,0,1,1,1,0,1,0,0,1,0,0,0,1,6,0,0,0,0,1,0,0,0,1,1,0,1,0,0,0,1,5
"16",0.269045089564166,0,0,0,1,0,1,0,0,1,0,0,0,0,0,1,4,0,0,0,0,0,1,0,0,0,0,0,0,0,0,0,1,0,0,0,0,1,0,1,0,0,1,0,0,0,0,0,1,4
"17",-0.546031650170555,0,0,0,1,1,0,1,1,0,0,1,1,0,1,0,7,0,0,0,1,1,1,0,1,0,0,1,1,0,0,0,6,0,0,0,0,1,1,0,1,1,0,0,1,1,0,1,0,7
"18",-0.469411598356966,0,0,0,0,1,1,0,1,1,0,0,0,1,0,0,5,0,0,0,0,0,0,0,0,0,0,0,0,0,0,0,0,0,0,0,0,0,1,1,0,1,1,0,0,0,1,0,0,5
"19",-0.623901387366907,0,0,1,0,1,0,0,1,0,0,0,0,0,0,1,4,0,0,1,0,1,1,0,1,0,0,1,0,1,0,1,7,0,0,0,1,0,1,0,0,1,0,0,0,0,0,0,1,4
"20",1.2397203207786,0,0,1,1,1,1,0,1,1,1,1,1,1,1,1,12,0,0,0,0,0,1,0,0,0,0,0,0,0,0,0,1,0,0,0,1,1,1,1,0,1,1,1,1,1,1,1,1,12
"21",0.787872646588722,1,1,1,1,1,1,1,1,1,1,1,1,1,1,1,15,0,0,0,1,1,1,1,1,0,1,1,1,1,0,0,9,1,1,1,1,1,1,1,1,1,1,1,1,1,1,1,1,15
"22",-0.591135852710442,0,0,0,1,0,0,0,0,0,1,1,1,1,0,0,5,1,1,1,1,1,1,1,1,1,1,1,1,1,1,1,15,0,0,0,0,1,0,0,0,0,0,1,1,1,1,0,0,5
"23",0.741651473253527,0,1,1,1,1,1,1,1,1,1,1,1,1,1,1,14,1,1,1,1,1,1,1,1,1,1,1,1,1,1,1,15,0,0,1,1,1,1,1,1,1,1,1,1,1,1,1,1,14
"24",-1.18146200469309,0,0,0,0,1,1,0,1,0,0,1,1,1,0,0,6,0,0,0,0,0,0,0,0,0,0,0,0,0,0,0,0,0,0,0,0,0,1,1,0,1,0,0,1,1,1,0,0,6
"25",-0.556503261605305,0,0,0,0,0,1,0,0,0,1,0,0,0,0,0,2,0,0,0,0,0,0,0,0,0,0,0,0,0,0,0,0,0,0,0,0,0,0,1,0,0,0,1,0,0,0,0,0,2
"26",-0.0352088527576808,0,0,0,1,1,1,1,1,1,1,1,0,1,0,1,10,0,0,0,1,1,1,0,1,0,1,1,0,1,0,1,8,1,0,0,0,1,1,1,1,1,1,1,1,0,1,0,1,10
"27",-0.538537421552971,1,0,1,0,1,1,0,0,1,1,1,1,1,0,1,10,1,1,1,1,1,1,1,1,1,1,1,1,1,1,1,15,0,1,0,1,0,1,1,0,0,1,1,1,1,1,0,1,10
"28",1.18883645985905,1,0,1,1,1,1,1,1,0,1,1,1,1,0,1,12,1,0,1,1,1,1,1,1,0,1,1,1,1,1,1,13,0,1,0,1,1,1,1,1,1,0,1,1,1,1,0,1,12
"29",-0.684192184034693,1,0,1,1,1,1,1,1,0,1,0,1,1,1,1,12,0,0,1,0,1,1,0,1,0,0,0,0,0,0,0,4,0,1,0,1,1,1,1,1,1,0,1,0,1,1,1,1,12
"30",0.129794121469475,0,0,0,1,1,1,0,0,1,1,1,1,1,1,1,10,0,0,0,1,1,1,0,0,1,1,1,1,1,0,1,9,0,0,0,0,1,1,1,0,0,1,1,1,1,1,1,1,10
"31",-0.578530725550773,1,0,0,0,1,1,0,1,1,1,1,1,0,0,0,8,1,1,1,1,1,1,1,1,1,1,1,1,1,1,1,15,0,1,1,1,1,1,1,1,1,1,1,1,1,1,1,1,15
"32",0.0624452021988258,0,0,0,1,1,1,0,0,1,0,1,0,0,1,1,7,1,0,1,1,1,1,1,1,1,1,1,1,1,1,1,14,0,0,0,0,1,1,1,0,0,1,0,1,0,0,1,1,7
"33",-1.16250641568299,0,0,0,0,0,0,0,0,1,0,1,0,1,0,0,3,0,0,0,0,0,0,0,0,0,0,0,0,0,0,0,0,0,0,0,0,0,0,0,0,0,1,0,1,0,1,0,0,3
"34",-1.26411744651765,0,0,0,1,1,1,0,1,1,0,1,0,1,0,1,8,0,0,0,1,1,1,0,1,1,1,1,1,1,0,1,10,0,0,0,0,1,1,1,0,1,1,0,1,0,1,0,1,8
"35",-0.233048488401841,0,0,0,0,0,0,0,0,0,0,0,0,0,0,1,1,1,1,1,1,1,1,1,1,1,1,1,1,1,1,1,15,0,0,0,0,0,0,0,0,0,0,0,0,0,0,0,1,1
"36",0.140496405080965,0,0,0,0,1,1,0,1,1,1,0,0,0,1,0,6,0,1,0,1,1,1,0,1,1,1,1,1,1,1,1,12,0,0,0,0,0,1,1,0,1,1,1,0,0,0,1,0,6
"37",1.25258093086066,1,0,0,1,1,1,1,0,0,1,1,1,1,1,0,10,0,0,0,1,1,1,0,0,0,1,1,1,1,0,1,8,0,1,0,0,1,1,1,1,0,0,1,1,1,1,1,0,10
"38",-1.35563910038367,0,1,0,0,1,1,0,1,0,0,0,0,0,0,1,5,0,0,0,0,0,0,0,0,0,0,0,0,0,0,0,0,0,0,1,0,0,1,1,0,1,0,0,0,0,0,0,1,5
"39",0.813153822077873,0,0,1,1,1,1,1,0,1,0,1,1,0,1,1,10,1,1,1,1,1,1,1,1,1,1,1,1,1,1,1,15,1,0,0,1,1,1,1,1,0,1,0,1,1,0,1,1,10
"40",0.194986062666929,1,1,0,1,0,1,1,1,1,1,1,1,0,0,1,11,0,0,0,1,1,1,1,1,0,1,1,1,1,0,1,10,0,1,1,0,1,0,1,1,1,1,1,1,1,0,0,1,11
"41",0.991432278377804,0,0,1,0,1,1,0,0,0,1,1,0,0,0,0,5,0,0,0,0,1,1,0,0,0,0,1,0,0,0,0,3,0,0,0,1,0,1,1,0,0,0,1,1,0,0,0,0,5
"42",1.27368902662085,0,0,0,0,1,1,0,1,0,0,0,0,0,0,0,3,0,1,1,1,1,1,1,1,1,1,1,1,1,0,1,13,0,0,0,0,0,1,1,0,1,0,0,0,0,0,0,0,3
"43",0.89667223045875,0,0,0,1,1,1,0,1,1,1,1,0,1,0,0,8,1,1,1,1,1,1,1,1,1,1,1,1,1,1,1,15,0,0,0,0,1,1,1,0,1,1,1,1,0,1,0,0,8
"44",-1.00403987254799,0,0,0,0,1,1,0,0,1,0,1,0,0,0,1,5,1,1,1,1,1,1,1,1,1,1,1,1,1,1,1,15,0,0,0,0,0,1,1,0,0,1,0,1,0,0,0,1,5
"45",-1.23060139071061,0,0,0,0,1,0,0,0,0,0,0,1,0,0,0,2,0,0,0,0,1,0,0,0,0,0,0,0,0,0,0,1,0,0,0,0,0,1,0,0,0,0,0,0,1,0,0,0,2
"46",-1.63733433922143,0,0,0,0,0,1,0,0,0,0,0,0,0,0,0,1,0,0,0,0,1,1,0,1,1,0,0,1,1,0,1,7,0,0,0,0,0,0,1,0,0,0,0,0,0,0,0,0,1
"47",0.056673765560714,1,1,1,1,1,1,1,1,1,1,1,1,1,1,1,15,0,0,0,1,1,1,1,1,1,0,1,1,1,0,1,10,0,1,1,1,1,1,1,1,1,1,1,1,1,1,1,1,15
"48",-0.0559309705922639,0,1,1,1,1,1,0,1,0,0,1,0,1,1,1,10,0,0,0,0,0,0,0,0,0,0,0,0,0,0,0,0,0,0,1,1,1,1,1,0,1,0,0,1,0,1,1,1,10
"49",0.471104261785796,0,0,1,1,1,0,0,0,1,1,1,1,1,0,0,8,0,0,0,0,1,1,0,0,0,1,1,1,1,0,0,6,0,0,0,1,1,1,0,0,0,1,1,1,1,1,0,0,8
"50",-0.260051855332743,1,0,0,0,1,0,0,0,1,0,1,0,0,0,1,5,0,0,0,0,1,1,0,0,1,0,1,1,1,0,1,7,0,1,0,0,0,1,0,0,0,1,0,1,0,0,0,1,5
"51",1.20718680456998,0,0,0,1,0,1,0,0,1,0,1,1,1,0,1,7,1,1,1,1,1,1,1,1,1,1,1,1,1,1,1,15,0,0,0,0,1,0,1,0,0,1,0,1,1,1,0,1,7
"52",-0.268791900646763,1,1,1,1,1,1,0,1,1,1,1,1,1,1,1,14,0,0,0,0,0,0,0,0,0,0,0,0,0,0,0,0,0,1,1,1,1,1,1,0,1,1,1,1,1,1,1,1,14
"53",-2.0000497891802,0,0,0,1,0,0,0,0,0,1,1,0,0,0,1,4,0,0,0,0,0,0,0,0,0,0,0,0,0,0,0,0,0,0,0,0,1,0,0,0,0,0,1,1,0,0,0,1,4
"54",0.655704039004825,1,1,1,1,1,1,0,1,1,0,1,1,0,1,0,11,0,0,0,0,0,0,0,0,0,0,0,0,0,0,0,0,0,1,1,1,1,1,1,0,1,1,0,1,1,0,1,0,11
"55",1.16714034971256,1,1,1,1,1,0,0,0,1,1,1,0,1,0,1,10,0,0,0,1,1,0,0,0,0,0,1,0,0,0,0,3,0,1,1,1,1,1,0,0,0,1,1,1,0,1,0,1,10
"56",-0.871491157395476,0,0,0,0,0,0,0,0,0,0,0,0,0,0,0,0,0,0,0,0,0,0,0,0,0,0,0,0,0,0,0,0,0,0,0,0,0,0,0,0,0,0,0,0,0,0,0,0,0
"57",-0.588766984690608,0,0,0,0,0,0,0,0,0,1,1,0,1,0,0,3,1,0,0,1,1,1,1,1,1,1,1,1,1,1,1,13,0,0,0,0,0,0,0,0,0,0,1,1,0,1,0,0,3
"58",0.238636457464336,1,0,1,1,1,1,1,1,0,1,0,1,1,0,0,10,0,0,0,0,0,0,0,0,0,0,0,0,0,0,0,0,0,1,0,1,1,1,1,1,1,0,1,0,1,1,0,0,10
"59",0.921037433662856,1,1,0,0,1,1,1,0,1,1,0,1,1,0,1,10,0,0,0,0,1,1,0,0,0,1,0,1,0,0,1,5,0,1,1,0,0,1,1,1,0,1,1,0,1,1,0,1,10
"60",0.903238461271814,1,1,0,1,1,1,0,1,1,0,0,1,1,1,0,10,1,1,1,1,1,1,1,1,1,1,1,1,1,1,1,15,0,1,1,1,1,1,1,1,1,1,1,1,1,1,1,1,15
"61",-0.424776110162809,0,0,0,0,0,0,1,0,1,1,0,0,1,0,1,5,0,0,0,0,1,1,0,0,0,1,0,0,1,0,1,5,0,0,0,0,0,0,0,1,0,1,1,0,0,1,0,1,5
"62",-0.0363274198628544,0,0,1,0,0,1,0,0,0,1,0,0,1,0,1,5,1,1,1,1,1,1,1,1,1,1,1,1,1,1,1,15,0,0,0,1,0,0,1,0,0,0,1,0,0,1,0,1,5
"63",-0.395227305391806,1,1,0,1,1,1,1,1,1,1,1,0,1,1,1,13,1,1,0,1,1,1,1,1,1,1,1,1,1,1,1,14,0,1,1,0,1,1,1,1,1,1,1,1,0,1,1,1,13
"64",0.005090529463075,0,0,0,0,0,0,0,0,0,0,0,0,0,0,0,0,0,0,0,0,0,0,0,0,0,0,0,0,0,0,0,0,0,0,0,0,0,0,0,0,0,0,0,0,0,0,0,0,0
"65",1.76733681992694,1,1,1,1,0,1,1,1,0,0,1,0,1,1,1,11,1,1,1,1,1,1,1,1,1,1,1,1,1,1,1,15,0,1,1,1,1,1,1,1,1,1,1,1,1,1,1,1,15
"66",-1.1218066152834,0,0,0,1,1,1,0,1,0,0,0,0,1,1,1,7,0,0,0,1,1,1,0,1,0,0,1,0,1,0,1,7,0,0,0,0,1,1,1,0,1,0,0,0,0,1,1,1,7
"67",-0.989135712411719,0,0,0,0,0,1,1,1,1,0,0,1,0,0,0,5,0,0,0,0,1,1,1,1,1,0,1,1,1,0,0,8,0,0,0,0,0,0,1,1,1,1,0,0,1,0,0,0,5
"68",-1.34615905069359,0,0,0,1,0,0,1,0,0,0,1,0,1,0,1,5,0,0,0,0,0,0,0,0,0,0,0,0,0,0,0,0,0,0,0,0,1,0,0,1,0,0,0,1,0,1,0,1,5
"69",0.700900601674286,0,1,1,1,1,1,1,1,0,0,1,1,1,1,1,12,0,0,0,1,1,1,0,1,0,0,1,1,1,0,1,8,0,0,1,1,1,1,1,1,1,0,0,1,1,1,1,1,12
"70",-1.22815286788432,0,0,1,0,1,1,0,1,1,1,1,1,1,1,0,10,1,1,1,1,1,1,1,1,1,1,1,1,1,1,1,15,0,0,0,1,0,1,1,0,1,1,1,1,1,1,1,0,10
"71",0.680237122928047,0,0,1,1,1,1,0,0,0,0,1,1,1,0,1,8,0,0,0,0,0,0,0,0,0,0,0,0,0,0,0,0,0,0,0,1,1,1,1,0,0,0,0,1,1,1,0,1,8
"72",-0.457220585148507,1,1,1,1,1,1,1,1,1,1,1,1,0,0,1,13,1,1,1,1,1,1,1,1,1,1,1,1,1,1,1,15,0,1,1,1,1,1,1,1,1,1,1,1,1,0,0,1,13
"73",-0.164623871497161,0,0,0,0,1,1,0,1,1,0,0,0,0,1,1,6,0,0,0,0,0,0,0,0,0,0,0,0,0,0,0,0,0,0,0,0,0,1,1,0,1,1,0,0,0,0,1,1,6
"74",0.980842947022375,0,1,1,1,1,1,1,1,1,1,1,1,1,1,1,14,0,0,0,0,1,1,0,0,0,0,1,0,0,0,0,3,0,0,0,0,0,1,1,0,0,0,0,1,0,0,0,0,3
"75",-0.0273070627763783,0,0,0,1,0,0,0,0,0,0,0,0,1,1,0,3,0,0,0,1,1,1,0,0,0,0,0,0,1,0,1,5,0,0,0,0,1,0,0,0,0,0,0,0,0,1,1,0,3
"76",0.392315082089532,0,0,1,1,1,1,0,0,0,1,1,0,0,0,1,7,0,0,0,0,0,0,0,0,0,0,0,0,0,0,0,0,0,0,0,1,1,1,1,0,0,0,1,1,0,0,0,1,7
"77",1.23262701575099,0,0,0,0,1,1,1,0,0,0,0,0,1,0,0,4,0,0,1,1,1,1,1,1,0,1,1,1,1,0,1,11,0,0,0,0,0,1,1,1,0,0,0,0,0,1,0,0,4
"78",-2.41378162505627,0,0,0,0,0,1,0,0,0,0,0,0,0,0,0,1,0,0,0,1,1,1,0,1,0,1,1,1,1,1,0,9,0,0,0,0,0,0,1,0,0,0,0,0,0,0,0,0,1
"79",-1.38488015647765,0,0,0,0,0,0,1,0,0,0,0,0,0,0,0,1,0,1,0,1,1,1,1,1,1,1,1,1,1,0,1,12,0,0,0,0,0,0,0,1,0,0,0,0,0,0,0,0,1
"80",-0.505905046454866,1,0,0,0,1,1,0,1,1,0,0,0,0,0,1,6,0,0,0,0,1,1,0,0,0,0,0,0,0,0,0,2,0,1,0,0,0,1,1,0,1,1,0,0,0,0,0,1,6
"81",-0.0233295392432904,0,1,1,1,1,1,0,1,0,0,1,1,1,1,1,11,0,1,1,1,1,1,0,1,0,0,1,1,1,1,1,11,0,0,1,1,1,1,1,0,1,0,0,1,1,1,1,1,11
"82",0.584528217445889,0,0,0,1,1,0,0,1,0,0,0,0,0,0,0,3,0,0,0,0,0,0,0,0,0,0,0,0,0,0,0,0,0,0,0,0,1,1,0,0,1,0,0,0,0,0,0,0,3
"83",1.91031403394643,1,1,1,1,1,1,1,1,1,0,1,0,1,1,1,13,1,1,1,1,1,1,1,1,1,1,1,1,1,1,1,15,0,1,1,1,1,1,1,1,1,1,0,1,0,1,1,1,13
"84",0.420014359757374,1,0,1,1,0,1,0,0,1,1,1,1,0,1,1,10,0,0,0,0,0,0,0,0,0,0,0,0,0,0,0,0,0,1,0,1,1,0,1,0,0,1,1,1,1,0,1,1,10
"85",0.483442099936856,1,1,1,1,1,1,1,1,0,1,1,1,1,1,1,14,1,0,0,1,1,1,1,1,0,1,1,1,1,0,1,11,0,1,1,1,1,1,1,1,1,0,1,1,1,1,1,1,14
"86",-2.05158337202339,0,0,0,0,0,0,0,0,0,0,0,1,0,0,0,1,0,0,0,0,0,0,0,0,0,0,0,0,0,0,0,0,0,0,0,0,0,0,0,0,0,0,0,0,1,0,0,0,1
"87",-0.576196964852816,0,1,0,0,1,0,1,1,1,1,1,0,1,0,0,8,0,0,0,0,1,0,0,1,0,0,1,0,1,0,0,4,0,0,1,0,0,1,0,1,1,1,1,1,0,1,0,0,8
"88",-0.604183779640459,0,0,1,0,1,1,0,1,0,0,0,1,0,1,0,6,0,0,0,0,0,0,0,0,0,0,0,0,0,0,0,0,0,0,0,1,0,1,1,0,1,0,0,0,1,0,1,0,6
"89",0.485535927663422,0,1,0,0,0,1,0,0,0,0,0,1,0,1,0,4,1,1,1,1,1,1,1,1,1,1,1,1,1,1,1,15,0,0,1,0,0,0,1,0,0,0,0,0,1,0,1,0,4
"90",-0.171687145134754,0,1,1,1,1,0,1,1,1,1,1,1,1,1,1,13,1,1,1,1,1,1,1,1,1,1,1,1,1,1,1,15,0,0,1,1,1,1,0,1,1,1,1,1,1,1,1,1,13
"91",1.48706300863893,1,1,0,1,1,1,0,1,1,0,1,1,1,1,1,12,1,1,0,1,1,1,0,1,1,1,1,1,1,1,1,13,0,1,1,0,1,1,1,0,1,1,1,1,1,1,1,1,13
"92",1.12081069482413,1,1,1,1,1,1,1,1,1,0,1,1,1,1,1,14,0,1,1,1,1,1,1,1,1,0,1,1,1,1,1,13,0,1,1,1,1,1,1,1,1,1,0,1,1,1,1,1,14
"93",0.595545823300081,0,1,0,1,1,1,1,1,0,1,1,1,1,0,0,10,0,1,0,1,1,1,1,1,1,1,1,1,1,0,1,12,0,0,1,0,1,1,1,1,1,0,1,1,1,1,0,0,10
"94",-0.0819099758292415,0,1,1,1,1,0,1,1,1,1,1,1,1,1,1,13,0,0,0,0,0,0,0,0,0,0,0,0,0,0,0,0,0,0,1,1,1,1,0,1,1,1,1,1,1,1,1,1,13
"95",-0.461569932771649,0,0,0,0,0,1,0,1,0,0,1,1,1,0,1,6,0,0,0,0,1,1,0,1,0,0,1,1,1,0,1,7,0,0,0,0,0,0,1,0,1,0,0,1,1,1,0,1,6
"96",-0.311968116316793,0,0,0,1,0,1,0,0,0,0,0,1,0,0,0,3,1,1,1,1,1,1,1,1,1,1,1,1,1,1,1,15,0,0,0,0,1,0,1,0,0,0,0,0,1,0,0,0,3
"97",1.28415059873102,1,0,0,1,1,1,1,1,1,1,1,1,1,1,1,13,0,0,0,0,1,1,0,1,0,0,0,0,0,0,0,3,0,1,0,0,1,1,1,1,1,1,1,1,1,1,1,1,13
"98",0.995745772622167,1,1,1,1,1,1,1,1,1,1,0,0,1,1,1,13,1,1,1,1,1,1,1,1,1,1,1,1,1,1,1,15,1,1,1,1,1,1,1,1,1,1,1,0,0,1,1,1,13
"99",0.703073697590174,0,0,0,0,1,0,0,1,1,0,0,1,0,0,1,5,1,1,1,1,1,1,1,1,1,1,1,1,1,0,1,14,1,0,0,0,0,1,0,0,1,1,0,0,1,0,0,1,5
"100",0.534593107711268,1,1,1,1,1,1,0,1,1,1,1,1,1,0,1,13,0,0,1,1,1,1,0,1,1,1,1,1,1,0,1,11,0,1,1,1,1,1,1,0,1,1,1,1,1,1,0,1,13
"101",0.325819291724945,1,0,0,1,1,1,1,1,0,1,1,0,1,0,1,10,0,0,0,0,0,0,0,0,0,0,0,0,0,0,0,0,0,1,0,0,1,1,1,1,1,0,1,1,0,1,0,1,10
"102",0.882368384091516,1,0,0,0,0,0,1,0,0,1,0,1,0,0,0,4,0,0,0,0,0,0,0,0,0,0,0,0,0,0,0,0,0,1,0,0,0,0,0,1,0,0,1,0,1,0,0,0,4
"103",-1.91046383341363,0,1,0,0,1,1,0,1,1,1,1,1,0,1,1,10,0,0,0,0,1,1,0,0,0,0,1,0,0,0,0,3,0,0,1,0,0,1,1,0,1,1,1,1,1,0,1,1,10
"104",0.0169905850178243,0,0,0,1,1,0,0,0,0,1,1,0,0,0,1,5,0,0,0,1,1,0,0,0,0,1,1,0,1,0,1,6,0,0,0,0,1,1,0,0,0,0,1,1,0,0,0,1,5
"105",-0.869105739815985,0,0,0,0,1,0,0,0,0,0,0,0,0,0,0,1,0,0,0,0,0,0,0,0,0,0,0,0,0,0,0,0,0,0,0,0,0,1,0,0,0,0,0,0,0,0,0,0,1
"106",-0.396450248922832,1,1,0,1,1,1,1,1,1,1,1,1,1,0,0,12,0,0,0,0,0,1,0,0,0,0,0,0,0,0,0,1,0,1,1,0,1,1,1,1,1,1,1,1,1,1,0,0,12
"107",0.580542927285732,1,1,0,1,1,1,0,0,0,0,1,1,0,0,0,7,1,1,1,1,1,1,1,1,1,1,1,1,1,1,1,15,1,1,1,0,1,1,1,0,0,0,0,1,1,0,0,0,7
"108",1.166589456391,0,0,0,0,0,0,0,0,0,0,0,1,0,0,1,2,0,0,0,0,0,1,0,0,0,0,0,1,0,0,1,3,0,0,0,0,0,0,0,0,0,0,0,0,1,0,0,1,2
"109",-2.23815272552314,0,0,0,0,0,0,0,0,0,0,0,0,0,0,0,0,0,0,0,0,0,0,0,0,0,0,0,0,0,0,0,0,0,0,0,0,0,0,0,0,0,0,0,0,0,0,0,0,0
"110",-0.396950087281894,1,0,1,0,1,0,1,0,0,0,1,0,0,0,0,5,0,0,1,1,1,1,0,0,0,0,1,1,1,0,1,8,0,1,0,1,0,1,0,1,0,0,0,1,0,0,0,0,5
"111",-0.119860856288698,0,0,1,0,0,0,0,0,0,1,0,1,0,1,1,5,0,0,0,0,0,0,0,0,0,0,0,0,0,0,0,0,1,0,0,1,0,0,0,0,0,0,1,0,1,0,1,1,5
"112",1.28635659521823,1,1,1,1,1,1,1,1,0,1,1,1,1,1,1,14,1,1,1,1,1,1,1,1,1,1,1,1,1,1,1,15,0,1,1,1,1,1,1,1,1,0,1,1,1,1,1,1,14
"113",1.63283741368857,1,1,0,1,1,0,1,1,1,1,1,1,1,0,1,12,1,1,1,1,1,1,1,1,1,1,1,1,1,1,1,15,0,1,1,0,1,1,0,1,1,1,1,1,1,1,0,1,12
"114",0.604954436761822,0,0,0,0,1,1,0,1,0,1,0,1,1,0,0,6,0,0,0,0,0,0,0,0,0,0,0,0,0,0,0,0,1,0,0,0,0,1,1,0,1,0,1,0,1,1,0,0,6
"115",0.326163169163313,0,0,0,1,1,1,1,1,1,1,0,1,1,1,1,11,1,1,1,1,1,1,1,1,1,1,1,1,1,1,1,15,0,1,1,1,1,1,1,1,1,1,1,1,1,1,1,1,15
"116",-0.337608900158158,0,0,0,1,0,1,0,1,0,1,1,0,0,0,1,6,0,0,0,0,0,0,0,0,0,0,0,0,0,0,0,0,0,0,0,0,1,0,1,0,1,0,1,1,0,0,0,1,6
"117",0.472176072856172,0,0,0,1,1,1,0,0,0,0,1,1,0,0,0,5,0,0,0,1,1,1,0,0,0,0,1,1,0,0,0,5,0,0,0,0,1,1,1,0,0,0,0,1,1,0,0,0,5
"118",-0.920885914759963,0,0,1,1,0,0,0,0,0,0,0,0,1,0,0,3,0,0,0,1,0,1,0,0,0,0,0,0,1,0,0,3,0,0,0,0,1,0,1,0,0,0,0,0,0,1,0,0,3
"119",0.158364674485228,0,0,0,0,1,1,1,0,0,1,1,0,0,0,1,6,0,0,0,0,1,1,0,0,0,0,0,0,0,0,0,2,0,0,0,0,0,1,1,1,0,0,1,1,0,0,0,1,6
"120",-0.188991742191076,0,0,0,1,1,1,0,0,0,0,0,0,0,0,0,3,1,0,1,1,1,1,0,1,1,0,1,1,1,0,1,11,0,0,0,0,1,1,1,0,0,0,0,0,0,0,0,0,3
"121",-1.24537923050053,0,0,0,1,0,0,0,0,0,0,0,0,0,0,0,1,0,0,0,0,0,0,0,0,0,0,0,0,0,0,0,0,0,0,0,0,1,0,0,0,0,0,0,0,0,0,0,0,1
"122",0.435932782326106,0,0,0,1,1,1,1,1,0,0,0,1,1,1,1,9,0,0,0,0,1,1,0,0,0,0,0,0,0,0,0,2,0,0,0,0,1,1,1,1,1,0,0,0,1,1,1,1,9
"123",-0.0725255700777504,0,0,1,1,1,0,0,0,0,1,1,1,1,1,1,9,0,0,0,0,0,0,0,0,0,0,0,0,0,0,0,0,0,0,0,1,1,1,0,0,0,0,1,1,1,1,1,1,9
"124",-0.251612464788956,0,0,1,1,0,1,1,0,0,0,1,1,1,1,0,8,1,1,1,1,1,1,1,1,1,1,1,1,1,1,1,15,0,0,0,1,1,0,1,1,0,0,0,1,1,1,1,0,8
"125",-0.102948120739074,0,0,0,0,0,1,0,0,1,1,0,0,0,0,0,3,0,0,0,0,0,0,0,0,0,0,0,0,0,0,0,0,0,0,0,0,0,0,1,0,0,1,1,0,0,0,0,0,3
"126",-1.14711189120147,0,0,0,0,1,0,1,1,1,1,1,0,1,0,0,7,0,0,0,0,0,0,0,0,0,0,0,0,0,0,0,0,0,0,0,0,0,1,0,1,1,1,1,1,0,1,0,0,7
"127",2.1095773691383,1,1,0,1,1,1,0,1,1,1,1,1,1,1,1,13,1,1,1,1,1,1,1,1,1,1,1,1,1,1,1,15,0,1,1,0,1,1,1,0,1,1,1,1,1,1,1,1,13
"128",-0.00616214206753561,0,1,1,1,1,0,0,1,0,1,1,1,0,0,1,9,0,0,0,1,1,1,0,1,0,1,1,1,1,0,1,9,0,0,1,1,1,1,0,0,1,0,1,1,1,0,0,1,9
"129",1.19845763037483,0,0,0,0,1,1,0,0,1,1,1,1,0,1,1,8,1,1,1,1,1,1,1,1,1,1,1,1,1,1,1,15,0,0,0,0,0,1,1,0,0,1,1,1,1,0,1,1,8
"130",0.218097926753722,1,0,1,1,0,1,0,0,0,0,1,0,1,0,0,6,0,0,0,1,1,1,0,0,0,0,1,0,1,0,0,5,0,1,0,1,1,0,1,0,0,0,0,1,0,1,0,0,6
"131",-0.238143659465849,0,0,0,0,1,1,0,0,0,0,0,0,1,0,0,3,0,0,0,0,0,0,0,0,0,0,0,0,0,0,0,0,0,0,0,0,0,0,0,0,0,0,0,0,0,0,0,0,0
"132",0.652211231521622,0,0,1,0,1,1,0,0,0,0,0,0,1,0,0,4,1,1,1,1,1,1,1,1,1,1,1,1,1,1,1,15,0,0,0,1,0,1,1,0,0,0,0,0,0,1,0,0,4
"133",0.658849941728284,0,1,0,1,0,0,0,1,1,1,0,0,0,0,1,6,0,0,0,1,1,1,0,1,1,1,1,0,0,0,1,8,0,0,1,0,1,0,0,0,1,1,1,0,0,0,0,1,6
"134",-0.969651348115189,1,0,0,0,1,1,0,0,0,0,0,0,0,0,0,3,1,0,0,1,1,1,0,1,1,1,1,1,1,0,1,11,1,1,0,0,0,1,1,0,0,0,0,0,0,0,0,0,3
"135",0.154545578298871,0,0,0,0,0,0,0,1,0,1,1,0,1,0,1,5,0,0,0,1,1,1,0,1,0,1,1,1,1,0,1,9,1,0,0,0,0,0,0,0,1,0,1,1,0,1,0,1,5
"136",1.46681736317574,1,1,1,0,1,1,1,0,0,0,0,1,1,0,1,9,1,1,1,1,1,1,1,1,1,1,1,1,1,1,1,15,0,1,1,1,0,1,1,1,0,0,0,0,1,1,0,1,9
"137",0.81245722660082,0,1,0,1,1,1,0,1,1,0,0,0,1,1,1,9,0,0,0,1,1,1,0,1,1,0,1,0,1,0,1,8,0,0,1,0,1,1,1,0,1,1,0,0,0,1,1,1,9
"138",0.941658884744904,0,0,0,1,0,0,0,0,0,0,1,0,0,0,0,2,0,0,0,1,1,1,0,1,0,1,1,1,1,0,1,9,0,0,0,0,1,1,1,0,1,0,1,1,1,1,0,1,9
"139",-2.46922719968792,0,0,0,0,0,1,0,1,0,0,1,0,0,0,0,3,1,1,1,1,1,1,1,1,1,1,1,1,1,1,1,15,0,1,1,1,1,1,1,1,1,1,1,1,1,1,1,1,15
"140",0.332582416712505,0,0,1,0,0,0,0,0,1,0,1,0,0,0,1,4,0,0,0,0,0,0,0,0,0,0,0,0,0,0,0,0,0,0,0,1,0,0,0,0,0,1,0,1,0,0,0,1,4
"141",0.376906696896544,0,0,0,0,0,1,0,1,0,1,1,1,1,0,0,6,0,0,0,0,1,1,0,1,0,0,1,1,1,0,0,6,1,0,0,0,0,0,1,0,1,0,1,1,1,1,0,0,6
"142",0.888385069840897,0,0,0,0,1,1,1,1,0,1,0,1,1,1,0,8,0,0,0,0,0,0,0,0,0,0,0,0,1,0,0,1,0,0,0,0,0,1,1,1,1,0,1,0,1,1,1,0,8
"143",0.219732043993023,0,0,1,1,1,0,1,0,0,1,1,1,1,0,1,9,0,0,1,1,1,1,1,1,0,1,1,1,1,0,1,11,0,0,0,1,1,1,0,1,0,0,1,1,1,1,0,1,9
"144",0.719486544266713,0,1,0,1,1,0,0,1,1,0,1,1,1,1,1,10,0,1,0,1,1,1,0,1,1,0,1,1,1,0,1,10,0,0,1,0,1,1,0,0,1,1,0,1,1,1,1,1,10
"145",-0.521817847876375,0,0,1,1,1,1,1,1,1,0,1,1,0,0,1,10,0,0,0,0,1,1,0,1,0,0,0,0,0,0,0,3,0,0,0,1,1,1,1,1,1,1,0,1,1,0,0,1,10
"146",0.551072222767194,1,0,1,1,0,0,0,1,0,0,0,0,0,0,0,4,0,0,0,0,0,0,0,0,0,0,0,0,0,0,0,0,0,1,0,1,1,0,0,0,1,0,0,0,0,0,0,0,4
"147",-0.267133361086751,0,0,1,1,1,1,0,0,0,0,1,1,1,1,1,9,1,1,1,1,1,1,1,1,1,1,1,1,1,1,1,15,1,0,0,1,1,1,1,0,0,0,0,1,1,1,1,1,9
"148",-0.356240873036264,0,0,0,0,0,0,1,1,0,0,1,1,0,0,0,4,0,0,0,0,1,1,1,1,1,0,1,1,1,0,1,9,0,0,0,0,0,1,1,1,1,1,0,1,1,1,0,1,9
"149",-0.873682298940049,1,1,0,1,1,1,0,1,1,1,1,1,1,1,1,13,1,1,1,1,1,1,1,1,1,1,1,1,1,1,1,15,0,1,1,0,1,1,1,0,1,1,1,1,1,1,1,1,13
"150",1.43566241818022,0,1,1,1,1,1,0,1,1,1,1,1,0,0,1,11,1,1,1,1,1,1,1,1,1,1,1,1,1,1,1,15,0,0,1,1,1,1,1,0,1,1,1,1,1,0,0,1,11
"151",1.21611274725876,1,1,0,1,1,1,1,1,1,1,1,1,1,0,1,13,1,0,0,1,1,1,1,1,1,1,1,1,1,0,1,12,0,1,1,0,1,1,1,1,1,1,1,1,1,1,0,1,13
"152",-1.9068432287445,0,0,0,0,0,0,0,0,1,0,1,1,0,0,1,4,0,0,0,0,0,0,0,0,0,0,0,0,0,0,0,0,0,0,0,0,0,0,0,0,0,1,0,1,1,0,0,1,4
"153",-0.838978876048352,0,0,0,0,1,1,0,0,1,0,0,1,1,0,0,5,0,0,0,1,1,1,0,1,1,1,0,1,1,0,1,9,0,0,0,0,0,1,1,0,0,1,0,0,1,1,0,0,5
"154",-0.12132926637088,0,1,0,0,1,1,1,1,0,1,1,0,1,1,1,10,0,1,1,1,1,1,1,1,1,1,1,1,1,1,1,14,0,0,1,0,0,1,1,1,1,0,1,1,0,1,1,1,10
"155",1.31908752889597,1,1,0,1,1,0,1,0,1,1,0,1,1,1,0,10,1,1,1,1,1,1,1,1,1,1,1,1,1,1,1,15,0,1,1,0,1,1,0,1,0,1,1,0,1,1,1,0,10
"156",-0.0775317779242325,0,0,0,1,0,0,0,0,0,0,0,1,0,0,0,2,0,0,0,1,1,1,0,0,0,0,1,1,0,0,0,5,0,0,0,0,1,0,0,0,0,0,0,0,1,0,0,0,2
"157",-0.956135191209276,0,0,0,0,0,0,0,1,0,0,0,1,0,0,0,2,0,0,0,0,1,1,0,1,0,0,1,1,1,0,0,6,0,0,0,0,0,0,0,0,1,0,0,0,1,0,0,0,2
"158",-0.821308649287954,0,0,0,0,0,0,0,0,0,0,0,0,0,0,0,0,1,1,1,1,1,1,1,1,1,1,1,1,1,1,1,15,0,0,0,0,0,0,0,0,0,0,0,0,0,0,0,0,0
"159",-2.40620611317674,0,0,0,0,0,0,0,1,0,0,0,1,0,0,0,2,1,1,1,1,1,1,1,1,1,1,1,1,1,1,1,15,0,0,0,0,0,0,0,0,1,0,0,0,1,0,0,0,2
"160",-1.17625689529267,0,0,0,0,0,0,0,0,0,0,0,0,0,0,0,0,0,0,0,0,0,1,0,0,0,0,0,1,0,0,0,2,0,0,0,0,0,0,0,0,0,0,0,0,0,0,0,0,0
"161",-0.715077072584422,0,0,0,0,1,0,0,0,0,1,1,1,0,1,1,6,0,0,0,0,1,1,0,0,0,1,1,1,1,1,1,8,1,0,0,0,0,1,0,0,0,0,1,1,1,0,1,1,6
"162",0.179964336988331,1,0,1,1,1,1,0,1,0,1,1,1,0,0,1,10,1,1,1,1,1,1,1,1,1,1,1,1,1,1,1,15,1,1,0,1,1,1,1,0,1,0,1,1,1,0,0,1,10
"163",-1.11952742147065,0,0,0,0,1,0,0,0,0,0,1,0,0,0,0,2,0,0,0,0,0,0,0,0,0,0,0,0,0,0,0,0,0,0,0,0,0,1,0,0,0,0,0,1,0,0,0,0,2
"164",-0.339879292110124,1,0,0,1,1,0,0,0,1,0,0,1,1,1,1,8,0,0,0,0,0,0,0,0,0,0,0,0,0,0,0,0,0,1,0,0,1,1,0,0,0,1,0,0,1,1,1,1,8
"165",0.67200131993611,1,0,1,0,1,0,0,0,1,1,1,0,1,0,1,8,1,1,1,1,1,1,1,1,1,1,1,1,1,1,1,15,0,1,0,1,0,1,0,0,0,1,1,1,0,1,0,1,8
"166",-0.618836590053513,0,1,1,0,0,1,0,0,0,0,0,0,0,0,0,3,0,0,0,0,0,0,0,0,0,0,0,0,0,0,0,0,0,0,0,0,0,0,0,0,0,0,0,0,0,0,0,0,0
"167",0.338283098290936,0,0,0,1,0,1,0,1,0,0,1,1,0,1,0,6,0,0,0,0,0,0,0,0,0,0,0,0,0,0,0,0,0,0,0,0,1,0,1,0,1,0,0,1,1,0,1,0,6
"168",-0.7083729731454,0,1,0,0,0,1,1,1,0,0,1,0,1,1,0,7,0,0,0,0,0,1,0,1,0,0,1,0,1,0,0,4,0,0,1,0,0,0,1,1,1,0,0,1,0,1,1,0,7
"169",-1.0035040490172,0,0,0,0,1,0,1,0,1,0,1,1,0,0,1,6,0,0,0,0,1,0,0,0,0,0,0,0,0,0,0,1,0,0,0,0,0,1,0,1,0,1,0,1,1,0,0,1,6
"170",-0.428148079830039,1,1,1,0,1,1,0,1,1,1,1,1,1,1,0,12,0,0,0,0,1,1,0,0,0,0,0,0,0,0,0,2,0,1,1,1,0,1,1,0,1,1,1,1,1,1,1,0,12
"171",0.286137174443824,0,0,0,0,0,1,0,0,0,0,1,1,1,0,1,5,0,0,0,1,1,1,0,0,1,1,1,1,1,0,1,9,1,0,0,0,0,0,1,0,0,0,0,1,1,1,0,1,5
"172",-1.18392905401182,0,0,0,1,1,0,0,0,0,0,0,0,0,0,0,2,0,0,0,0,0,0,0,0,0,0,0,0,0,0,0,0,0,0,0,0,1,1,0,0,0,0,0,0,0,0,0,0,2
"173",0.380398857067988,1,1,1,1,1,1,1,1,1,1,1,1,1,1,0,14,1,1,1,1,1,1,1,1,1,1,1,1,1,1,1,15,0,1,1,1,1,1,1,1,1,1,1,1,1,1,1,0,14
"174",0.308915873886,1,1,1,1,1,1,0,1,1,0,1,1,1,1,0,12,1,1,1,1,1,1,1,1,1,1,1,1,1,1,1,15,0,1,1,1,1,1,1,0,1,1,0,1,1,1,1,0,12
"175",0.309590422832715,0,0,0,0,1,0,0,0,0,0,0,0,0,0,0,1,0,0,0,0,1,1,0,1,0,0,1,0,1,0,0,5,0,0,0,0,0,1,0,0,0,0,0,0,0,0,0,0,1
"176",1.02930094164157,0,1,1,1,1,1,0,1,0,1,1,1,1,0,1,11,0,1,1,1,1,1,1,1,1,1,1,1,1,0,1,13,0,0,1,1,1,1,1,1,1,1,1,1,1,1,0,1,13
"177",0.0273684968503827,0,0,0,1,0,0,0,0,0,1,0,1,0,0,0,3,0,0,0,0,0,0,0,0,0,0,0,0,0,0,0,0,0,0,0,0,1,0,0,0,0,0,1,0,1,0,0,0,3
"178",-0.778160518698866,0,0,0,0,1,0,0,1,1,1,1,0,1,1,1,8,1,1,1,1,1,1,1,1,1,1,1,1,1,1,1,15,0,0,0,0,0,1,0,0,1,1,1,1,0,1,1,1,8
"179",-0.429874257111148,0,0,0,0,0,0,0,1,0,1,1,1,0,0,1,5,0,0,0,0,0,0,0,0,0,0,0,0,0,0,0,0,0,0,0,0,0,0,0,0,1,0,1,1,1,0,0,1,5
"180",-0.471494192727257,1,1,0,1,1,1,1,1,1,0,1,0,1,0,1,11,1,1,1,1,1,1,1,1,1,1,1,1,1,1,1,15,0,1,1,0,1,1,1,1,1,1,0,1,0,1,0,1,11
"181",-1.01750547189855,0,0,0,0,0,1,0,0,0,0,0,0,0,0,0,1,0,0,0,1,1,1,0,0,0,0,1,1,0,0,1,6,0,0,0,0,0,0,1,0,0,0,0,0,0,0,0,0,1
"182",0.164656728668936,1,0,0,0,0,0,0,1,0,0,0,0,0,0,1,3,1,1,1,1,1,1,1,1,1,1,1,1,1,1,1,15,0,1,0,0,0,0,0,0,1,0,0,0,0,0,0,1,3
"183",0.190182815971766,0,0,0,1,1,1,0,0,1,1,1,1,1,0,0,8,0,0,0,1,1,1,0,0,1,1,1,1,1,0,0,8,0,0,0,0,1,1,1,0,0,1,1,1,1,1,0,0,8
"184",0.170103989203008,1,1,0,0,0,0,0,0,0,1,1,0,1,0,0,5,0,0,0,0,0,0,0,0,0,0,0,0,0,0,0,0,0,1,1,0,0,0,0,0,0,0,1,1,0,1,0,0,5
"185",-0.619987372750732,0,0,0,0,0,0,0,0,1,0,0,0,0,1,1,3,0,0,0,0,0,1,0,0,1,0,0,0,1,0,1,4,0,0,0,0,0,0,1,0,0,1,0,0,0,1,0,1,4
"186",0.482145694077621,0,1,0,0,1,1,1,1,0,1,1,1,1,1,1,11,0,1,0,0,1,1,1,1,1,1,1,1,1,0,1,11,0,0,1,0,0,1,1,1,1,0,1,1,1,1,1,1,11
"187",0.00892144929200685,0,0,0,0,0,0,0,0,0,0,1,1,1,0,1,4,0,0,0,0,0,1,0,0,0,0,1,1,1,0,0,4,1,0,0,0,0,0,0,0,0,0,0,1,1,1,0,1,4
"188",1.3304825012885,0,0,1,1,1,1,0,1,1,1,1,0,1,0,1,10,1,1,1,1,1,1,1,1,1,1,1,1,1,1,1,15,0,0,0,1,1,1,1,0,1,1,1,1,0,1,0,1,10
"189",0.572755604084548,0,1,0,0,0,1,0,0,0,0,0,0,0,0,0,2,0,0,0,1,1,1,0,0,0,0,1,0,1,0,0,5,0,0,1,0,0,0,1,0,0,0,0,0,0,0,0,0,2
"190",0.709446770900017,0,0,0,1,1,0,0,1,1,1,0,0,0,0,0,5,1,1,1,1,1,1,1,1,1,1,1,1,1,1,1,15,0,0,0,0,1,1,0,0,1,1,1,0,0,0,0,0,5
"191",-1.43013344790772,0,0,0,0,1,1,0,0,1,1,1,0,0,0,1,6,0,0,0,0,1,1,0,1,1,1,1,1,1,0,1,9,0,0,0,0,0,1,1,0,1,1,1,1,1,1,0,1,9
"192",-0.302862561075867,1,0,0,0,1,1,0,0,1,1,0,0,1,0,0,6,0,0,0,0,1,1,0,0,0,0,0,0,0,0,0,2,0,1,0,0,0,1,1,0,0,1,1,0,0,1,0,0,6
"193",1.16398951919393,1,0,0,1,0,0,1,1,0,1,1,0,0,0,1,7,1,0,0,1,1,1,1,1,1,1,1,1,1,0,1,12,0,1,0,0,1,0,0,1,1,0,1,1,0,0,0,1,7
"194",-0.693132168312746,0,0,0,0,0,1,0,0,0,0,0,0,0,0,0,1,0,0,0,0,0,1,0,0,0,0,0,0,0,0,0,1,0,0,0,0,0,0,1,0,0,0,0,0,0,0,0,0,1
"195",-1.30922851198504,0,0,0,0,0,0,0,1,1,1,1,0,0,0,1,5,1,0,0,1,1,1,1,1,1,1,1,1,1,1,1,13,1,0,0,0,0,0,0,0,1,1,1,1,0,0,0,1,5
"196",0.453142948478215,0,1,0,0,0,0,0,1,0,0,0,1,0,0,0,3,1,1,1,1,1,1,1,1,1,1,1,1,1,1,1,15,0,0,1,0,0,0,0,0,1,0,0,0,1,0,0,0,3
"197",0.310793799015757,0,0,0,0,1,1,1,1,1,1,0,1,0,1,1,9,0,0,0,0,0,0,0,0,0,0,0,0,0,0,0,0,0,0,0,0,0,1,1,1,1,1,1,0,1,0,1,1,9
"198",0.911144864982921,1,0,0,1,0,1,0,1,0,0,1,1,1,1,0,8,0,0,0,1,0,1,0,1,0,0,1,1,1,0,0,6,0,1,0,0,1,0,1,0,1,0,0,1,1,1,1,0,8
"199",0.286032916174975,0,1,0,1,1,1,0,0,0,0,0,1,0,0,1,6,0,0,0,0,0,0,0,0,0,0,0,0,0,0,0,0,0,0,1,0,1,1,1,0,0,0,0,0,1,0,0,1,6
"200",-1.47835550625344,0,0,0,1,0,0,0,0,0,0,0,0,0,0,0,1,0,0,0,1,1,1,1,1,1,1,1,1,1,0,1,11,0,0,0,0,1,0,0,0,0,0,0,0,0,0,0,0,1
"201",0.503394743817518,1,1,0,1,1,1,0,0,1,1,0,0,0,1,0,8,0,1,0,1,1,1,0,1,1,1,1,1,1,0,1,11,0,1,1,0,1,1,1,0,0,1,1,0,0,0,1,0,8
"202",-2.23116488730421,0,0,0,0,0,0,0,0,0,0,1,0,1,0,0,2,0,0,0,0,0,0,0,0,0,0,0,0,0,0,0,0,0,0,0,0,0,0,0,0,0,0,0,1,0,1,0,0,2
"203",0.249509658672087,1,1,0,0,1,1,0,0,1,1,0,1,0,0,1,8,1,1,1,1,1,1,1,1,1,1,1,1,1,1,1,15,0,1,1,0,0,1,1,0,0,1,1,0,1,0,0,1,8
"204",0.500975637488715,0,0,0,0,0,0,0,0,0,0,1,0,1,0,0,2,0,0,0,1,1,1,0,1,1,0,1,0,1,0,1,8,1,0,0,0,0,0,0,0,0,0,0,1,0,1,0,0,2
"205",-1.20710101631369,1,0,0,1,1,1,0,0,1,1,1,0,1,0,1,9,0,0,0,0,0,0,0,0,0,0,0,0,0,0,0,0,0,1,0,0,1,1,1,0,0,1,1,1,0,1,0,1,9
"206",-0.0515765834827517,0,0,0,0,0,0,0,0,0,0,0,0,0,0,0,0,0,0,0,0,0,0,0,0,0,0,0,0,0,0,0,0,0,0,0,0,0,0,0,0,0,0,0,0,0,0,0,0,0
"207",-0.966009909989374,0,0,0,0,0,0,0,0,0,0,1,0,0,0,0,1,1,1,1,1,1,1,1,1,1,1,1,1,1,1,1,15,0,0,0,0,0,0,0,0,0,0,0,1,0,0,0,0,1
"208",-0.429951141917518,0,0,0,0,0,1,1,0,1,0,1,0,0,0,1,5,0,0,0,0,0,0,0,0,0,0,0,0,0,0,0,0,0,0,0,0,0,0,1,1,0,1,0,1,0,0,0,1,5
"209",0.021056277573398,1,0,0,1,1,1,1,1,0,0,1,1,1,0,1,10,0,0,0,0,0,0,0,0,0,0,0,0,0,0,0,0,1,1,0,0,1,1,1,1,1,0,0,1,1,1,0,1,10
"210",-0.187963858358262,0,1,1,1,1,1,1,1,1,1,1,0,1,0,1,12,1,1,1,1,1,1,1,1,1,1,1,1,1,1,1,15,0,0,1,1,1,1,1,1,1,1,1,1,0,1,0,1,12
"211",-1.20367762744073,1,0,0,0,0,1,0,0,1,0,1,1,0,0,0,5,0,0,0,0,0,0,0,0,0,0,0,0,0,0,0,0,0,1,0,0,0,0,1,0,0,1,0,1,1,0,0,0,5
"212",1.22760753409855,1,1,1,0,1,1,1,0,1,1,0,1,1,1,1,12,0,0,0,0,0,0,0,0,0,0,0,0,0,0,0,0,0,1,1,1,0,1,1,1,0,1,1,0,1,1,1,1,12
"213",-0.453451356826814,0,0,0,0,0,0,0,0,0,0,0,0,0,0,1,1,0,0,0,0,0,0,0,0,0,0,0,0,0,0,0,0,0,0,0,0,0,0,0,0,0,0,0,0,0,0,0,1,1
"214",-0.46432876863397,0,0,1,1,1,1,1,1,1,0,1,1,1,0,1,11,0,0,1,1,1,1,1,1,1,0,1,1,1,0,1,11,0,0,0,1,1,1,1,1,1,1,0,1,1,1,0,1,11
"215",-0.60748753435904,0,0,0,0,0,0,0,0,0,0,0,0,0,0,0,0,0,0,0,1,1,1,0,1,0,0,1,1,1,0,0,7,0,0,0,0,0,0,0,0,0,0,0,0,0,0,0,0,0
"216",2.2897213696481,1,1,1,1,1,1,1,1,1,1,1,1,1,1,1,15,1,1,1,1,1,1,1,1,1,1,1,1,1,1,1,15,1,1,1,1,1,1,1,1,1,1,1,1,1,1,1,1,15
"217",-1.00020533186281,0,0,1,0,1,1,0,0,0,0,0,1,1,0,1,6,0,0,0,0,1,1,0,0,0,0,0,0,0,0,0,2,0,0,0,0,0,1,1,0,0,0,0,0,0,0,0,0,2
"218",-2.137188668154,0,0,0,1,1,1,0,0,0,0,0,0,0,0,0,3,0,1,0,1,1,1,0,1,1,0,1,1,1,1,1,11,0,0,0,0,1,1,1,0,0,0,0,0,0,0,0,0,3
"219",-0.353124875452025,0,0,0,0,1,1,1,0,0,0,0,1,1,0,0,5,1,1,1,1,1,1,1,1,1,1,1,1,1,1,1,15,1,0,0,0,0,1,1,1,0,0,0,0,1,1,0,0,5
"220",0.510175148482344,0,0,1,0,1,1,0,1,0,1,1,1,1,0,1,9,0,0,0,0,1,1,0,1,0,1,1,1,1,0,1,8,0,0,0,1,0,1,1,0,1,0,1,1,1,1,0,1,9
"221",-0.297818162682628,0,0,0,0,0,0,0,0,0,0,0,0,0,0,0,0,0,0,0,0,0,0,0,0,0,0,0,0,0,0,0,0,0,0,0,0,0,0,0,0,0,0,0,0,0,0,0,0,0
"222",-1.11225458754578,0,1,1,0,0,1,0,1,1,0,0,1,1,0,0,7,0,0,0,0,0,0,0,0,0,0,0,0,0,0,0,0,1,0,1,1,0,0,1,0,1,1,0,0,1,1,0,0,7
"223",-1.90193909061289,0,0,1,1,1,1,1,0,0,1,1,1,1,0,0,9,0,0,0,0,0,0,0,0,0,0,0,0,0,0,0,0,0,0,0,1,1,1,1,1,0,0,1,1,1,1,0,0,9
"224",1.40304468731886,1,0,1,1,1,1,1,1,1,1,1,0,1,1,0,12,0,0,0,0,1,1,0,1,0,0,1,0,0,0,0,4,0,1,0,1,1,1,1,1,1,1,1,1,0,1,1,0,12
"225",-1.52080897130074,0,0,0,0,1,1,0,0,1,0,0,0,1,0,1,5,0,0,0,0,0,0,0,0,0,0,0,0,0,0,0,0,0,0,0,0,0,1,1,0,0,1,0,0,0,1,0,1,5
"226",-0.546167947541542,0,0,1,0,1,0,0,0,0,1,1,0,1,0,0,5,1,1,1,1,1,1,1,1,1,1,1,1,1,1,1,15,0,0,0,1,0,1,0,0,0,0,1,1,0,1,0,0,5
"227",-1.19268385591977,0,0,0,0,1,1,1,1,0,1,0,0,0,0,0,5,0,0,0,0,0,0,0,0,0,0,0,0,0,0,0,0,0,0,0,0,0,1,1,1,1,0,1,0,0,0,0,0,5
"228",1.17546263274494,0,0,0,0,0,1,0,0,0,0,0,1,1,0,0,3,0,1,0,1,1,1,0,1,1,1,1,1,1,0,1,11,0,0,0,0,0,0,1,0,0,0,0,0,1,1,0,0,3
"229",1.06795906556568,1,1,0,0,1,1,1,1,1,1,1,1,1,0,1,12,0,0,0,0,0,0,0,0,0,0,0,0,0,0,0,0,0,1,1,0,0,1,1,1,1,1,1,1,1,1,0,1,12
"230",-0.108336776965493,1,1,1,1,1,1,1,1,0,1,1,1,1,1,1,14,1,1,1,1,1,1,1,1,1,1,1,1,1,1,1,15,0,1,1,1,1,1,1,1,1,0,1,1,1,1,1,1,14
"231",0.254432706733077,1,1,1,1,1,1,1,1,1,1,1,1,1,1,1,15,1,1,1,1,1,1,1,1,1,1,1,1,1,1,1,15,0,1,1,1,1,1,1,1,1,1,1,1,1,1,1,1,15
"232",-0.0626009150690391,0,1,0,0,1,0,0,1,0,1,0,0,1,0,0,5,0,0,0,0,1,0,0,0,0,0,0,0,0,0,0,1,0,0,1,0,0,1,0,0,1,0,1,0,0,1,0,0,5
"233",-0.425625363849514,1,0,0,0,1,1,0,1,1,0,0,0,1,0,0,6,0,0,0,0,1,1,0,1,0,0,0,1,1,0,0,5,0,1,0,0,0,1,1,0,1,1,0,0,0,1,0,0,6
"234",0.610838240855926,0,1,1,0,0,1,0,0,1,1,0,0,0,0,0,5,0,0,0,0,0,1,0,0,0,0,0,0,0,0,0,1,0,0,1,1,0,0,1,0,0,1,1,0,0,0,0,0,5
"235",0.449364123755276,0,0,0,0,1,0,0,0,1,0,0,0,1,0,0,3,0,0,0,0,1,0,0,0,0,0,0,0,0,0,0,1,0,0,0,0,0,1,0,0,0,1,0,0,0,1,0,0,3
"236",1.58248135704125,0,0,0,1,0,1,0,0,0,0,0,0,0,0,0,2,0,0,0,1,1,1,0,0,0,0,1,1,1,0,0,6,1,0,0,0,1,0,1,0,0,0,0,0,0,0,0,0,2
"237",0.289172288643089,0,0,0,1,1,1,1,0,0,0,1,1,1,0,0,7,0,0,0,0,1,1,0,0,0,0,0,1,1,0,0,4,0,0,0,0,1,1,1,1,0,0,0,1,1,1,0,0,7
"238",1.40386935074113,1,1,1,1,1,0,1,0,0,0,0,1,1,1,0,9,0,0,0,0,0,0,0,0,0,0,0,0,0,0,0,0,0,1,1,1,1,1,0,1,0,0,0,0,1,1,1,0,9
"239",-0.425884294185046,1,1,1,1,1,1,1,1,0,1,1,1,1,1,1,14,1,1,1,1,1,1,1,1,1,1,1,1,1,1,1,15,0,1,1,1,1,1,1,1,1,0,1,1,1,1,1,1,14
"240",-0.384080170177076,0,0,0,0,1,0,1,1,0,0,1,1,1,0,1,7,0,0,0,0,1,1,1,1,0,0,1,1,1,0,1,8,0,0,0,0,0,1,0,1,1,0,0,1,1,1,0,1,7
"241",0.461346465913238,0,0,1,1,1,1,0,0,1,1,1,1,0,0,1,9,0,0,0,0,1,1,0,0,0,0,1,0,0,0,0,3,0,0,0,1,1,1,1,0,0,1,1,1,1,0,0,1,9
"242",0.36026135139424,0,0,1,0,1,1,0,1,0,1,1,1,0,1,1,9,0,0,0,0,1,1,0,1,0,0,1,1,0,0,1,6,0,0,0,1,0,1,1,0,1,0,1,1,1,0,1,1,9
"243",-1.11493165732943,0,0,0,0,1,1,1,1,0,1,0,0,0,0,0,5,0,0,0,0,0,0,0,0,0,0,0,0,0,0,0,0,0,0,0,0,0,1,1,1,1,0,1,0,0,0,0,0,5
"244",0.0943252158449021,0,0,0,1,1,1,1,1,1,0,1,1,1,0,1,10,0,0,1,1,1,1,1,1,1,1,1,1,1,1,1,13,0,0,0,0,1,1,1,1,1,1,0,1,1,1,0,1,10
"245",0.718270634481663,0,1,0,0,1,1,1,0,0,1,1,0,1,1,1,9,0,0,0,1,1,1,1,0,0,1,1,1,1,1,1,10,0,0,1,0,0,1,1,1,0,0,1,1,0,1,1,1,9
"246",-1.89873900285059,0,0,0,0,0,0,1,0,0,0,0,0,1,0,0,2,0,0,0,0,0,0,0,0,0,0,0,0,0,0,0,0,0,0,0,0,0,0,0,1,0,0,0,0,0,1,0,0,2
"247",-0.293001332217095,1,1,1,0,0,1,1,0,1,0,1,1,0,1,1,10,0,1,0,1,1,1,0,0,1,0,1,1,1,1,1,10,0,1,1,1,0,0,1,1,0,1,0,1,1,0,1,1,10
"248",-0.238722931750421,0,0,0,1,0,1,0,0,0,0,1,1,0,0,1,5,0,0,0,1,1,1,0,1,0,0,1,1,1,0,1,8,0,0,0,0,1,0,1,0,0,0,0,1,1,0,0,1,5
"249",-1.05939197299693,0,0,0,1,1,1,0,1,1,0,1,1,1,0,0,8,0,0,0,0,0,0,0,0,0,0,0,0,0,0,0,0,0,0,0,0,1,1,1,0,1,1,0,1,1,1,0,0,8
"250",-1.55173925212226,0,0,0,1,0,0,0,0,0,0,0,1,1,0,1,4,0,0,0,0,0,0,0,0,0,0,0,0,0,0,0,0,0,0,0,0,1,0,0,0,0,0,0,0,1,1,0,1,4
"251",0.706579817745894,0,1,1,1,0,0,0,0,1,0,1,1,1,0,0,7,0,1,1,1,1,1,0,1,1,0,1,1,1,0,0,10,1,0,1,1,1,0,0,0,0,1,0,1,1,1,0,0,7
"252",-0.295295690415142,0,0,0,1,1,1,0,1,0,1,0,0,1,0,0,6,1,1,1,1,1,1,1,1,1,1,1,1,1,1,1,15,0,0,0,0,1,1,1,0,1,0,1,0,0,1,0,0,6
"253",1.1531542977793,0,1,1,0,1,1,1,1,1,1,0,0,1,0,0,9,0,0,0,0,0,0,0,0,0,0,0,0,0,0,0,0,0,0,1,1,0,1,1,1,1,1,1,0,0,1,0,0,9
"254",-0.819382147824583,0,0,0,0,1,0,0,0,1,1,1,0,0,0,1,5,0,0,0,0,0,0,0,0,0,0,0,0,0,0,0,0,0,0,0,0,0,1,0,0,0,1,1,1,0,0,0,1,5
"255",0.0601699997630372,0,0,1,1,1,1,0,1,0,1,1,1,0,1,1,10,0,0,0,0,0,0,0,0,0,0,0,0,0,0,0,0,0,0,0,0,0,0,0,0,0,0,0,0,0,0,0,0,0
"256",-0.162585266949858,1,1,1,1,1,1,1,1,1,1,1,1,1,1,1,15,0,0,0,1,1,1,0,0,0,0,0,1,0,0,1,5,0,1,1,1,1,1,1,1,1,1,1,1,1,1,1,1,15
"257",1.33207270913757,0,0,0,1,1,1,0,0,0,1,0,1,0,1,1,7,0,0,0,1,1,1,0,1,1,1,1,1,1,0,1,10,0,0,0,0,1,1,1,0,0,0,1,0,1,0,1,1,7
"258",-0.280190433336521,0,0,1,0,1,1,0,0,1,1,1,1,1,0,1,9,0,0,1,1,1,1,0,1,1,1,1,1,1,0,1,11,0,0,0,1,0,1,1,0,0,1,1,1,1,1,0,1,9
"259",-1.37644892865724,0,0,0,0,0,0,0,0,0,0,0,0,0,0,0,0,0,0,0,0,0,0,0,0,0,0,0,0,0,0,0,0,0,0,0,0,0,0,0,0,0,0,0,0,0,0,0,0,0
"260",-0.831779709746762,0,0,1,0,0,0,0,0,0,0,1,0,0,0,0,2,0,0,1,0,0,1,0,0,0,0,1,0,0,0,0,3,0,0,0,1,0,0,0,0,0,0,0,1,0,0,0,0,2
"261",1.03097120806236,0,0,0,0,1,1,0,1,1,0,1,0,1,0,1,7,0,0,0,0,0,0,0,0,0,0,0,0,0,0,0,0,0,0,0,0,0,1,1,0,1,1,0,1,0,1,0,1,7
"262",1.23980473634263,0,0,0,1,1,1,1,0,0,0,1,1,0,0,1,7,1,0,0,1,1,1,1,1,1,1,1,1,1,1,1,13,0,0,0,0,1,1,1,1,0,0,0,1,1,0,0,1,7
"263",-0.83777629679759,1,1,1,1,1,1,0,0,1,1,1,1,1,1,1,13,1,1,1,1,1,1,1,1,1,1,1,1,1,1,1,15,1,1,1,1,1,1,1,0,0,1,1,1,1,1,1,1,13
"264",0.434224670698468,0,0,1,0,0,1,1,1,0,0,0,1,1,0,1,7,0,0,1,1,1,1,1,1,0,0,1,1,1,0,1,10,0,0,0,1,0,0,1,1,1,0,0,0,1,1,0,1,7
"265",0.333032198798834,1,1,1,1,1,1,0,1,1,1,0,1,0,1,1,12,0,0,0,1,1,1,0,1,0,1,1,1,1,1,1,10,0,1,1,1,1,1,1,0,1,1,1,0,1,0,1,1,12
"266",-1.03747184276509,1,1,0,1,0,1,0,1,1,1,1,0,1,1,1,11,0,0,0,0,0,0,0,0,0,0,0,0,0,0,0,0,0,1,1,0,1,0,1,0,1,1,1,1,0,1,1,1,11
"267",0.200828866950969,0,1,1,0,1,1,0,1,1,0,1,0,0,0,1,8,0,0,0,0,0,0,0,0,0,0,0,0,0,0,0,0,0,0,1,1,0,1,1,0,1,1,0,1,0,0,0,1,8
"268",-1.87862047822364,0,0,0,0,1,1,1,1,1,0,1,0,1,1,1,9,0,0,0,0,0,0,0,0,0,0,0,0,0,0,0,0,0,0,0,0,0,1,1,1,1,1,0,1,0,1,1,1,9
"269",0.931342507782005,0,1,1,1,1,1,1,1,1,1,1,0,1,0,1,12,0,1,1,1,1,1,0,1,1,1,1,0,1,0,1,11,0,0,1,1,1,1,1,1,1,1,1,1,0,1,0,1,12
"270",2.17015324161851,1,1,1,1,1,1,1,1,1,1,1,1,1,1,1,15,0,0,1,1,1,1,1,1,1,1,1,1,1,1,1,13,0,1,1,1,1,1,1,1,1,1,1,1,1,1,1,1,15
"271",-0.714964051171768,0,0,1,1,1,1,0,0,1,0,0,1,0,0,0,6,1,1,1,1,1,1,1,1,1,1,1,1,1,1,1,15,0,0,0,1,1,1,1,0,0,1,0,0,1,0,0,0,6
"272",0.364745359364818,1,1,1,1,1,1,1,0,1,0,1,0,0,1,1,11,0,0,0,0,0,0,0,0,0,0,0,0,0,0,0,0,0,1,1,1,1,1,1,1,0,1,0,1,0,0,1,1,11
"273",-1.07706241324724,0,0,0,0,1,0,0,1,0,1,0,0,0,0,0,3,0,0,0,1,1,1,0,1,0,1,1,1,1,0,1,9,0,0,0,0,0,1,0,0,1,0,1,0,0,0,0,0,3
"274",-0.449136432403928,0,0,0,0,1,1,0,1,0,0,0,1,1,0,0,5,1,1,1,1,1,1,1,1,1,1,1,1,1,1,1,15,0,0,0,0,0,1,1,0,1,0,0,0,1,1,0,0,5
"275",-1.41687945481347,0,0,0,0,0,0,0,0,0,1,1,0,0,0,0,2,0,0,0,0,0,0,0,0,0,0,0,0,0,0,0,0,0,0,0,0,0,0,0,0,0,0,1,1,0,0,0,0,2
"276",0.273620516320026,0,0,0,1,1,1,1,1,0,0,1,0,1,0,1,8,0,0,0,0,0,0,0,0,0,0,0,0,0,0,0,0,0,0,0,0,1,1,1,1,1,0,0,1,0,1,0,1,8
"277",-0.770739772242375,0,0,1,1,1,1,1,0,0,1,1,1,1,1,1,11,0,0,0,0,0,0,0,0,0,0,0,0,0,0,0,0,0,0,0,1,1,1,1,1,0,0,1,1,1,1,1,1,11
"278",1.60404887391508,0,1,1,1,1,1,1,0,1,0,1,1,1,0,0,10,0,0,0,0,0,0,0,0,0,0,0,0,0,0,0,0,0,0,1,1,1,1,1,1,0,1,0,1,1,1,0,0,10
"279",-0.906842492083946,0,0,0,0,0,0,0,0,0,0,1,0,0,0,1,2,1,1,1,1,1,1,1,1,1,1,1,1,1,1,1,15,0,0,0,0,0,0,0,0,0,0,0,1,0,0,0,1,2
"280",-0.688192141670938,1,0,1,1,1,1,1,1,1,1,1,0,1,1,1,13,0,0,0,0,0,0,0,0,0,0,0,0,0,0,0,0,1,0,0,0,0,0,0,0,0,0,0,0,0,0,0,0,0
"281",0.660441593891135,0,0,0,1,1,1,0,0,0,1,0,0,1,1,0,6,0,0,0,0,0,0,0,0,0,0,0,0,0,0,0,0,0,0,0,0,1,1,1,0,0,0,1,0,0,1,1,0,6
"282",-0.963975981964764,0,0,0,1,1,1,1,1,1,1,0,1,1,0,1,10,0,0,0,0,1,1,0,1,0,0,0,0,1,0,0,4,0,0,0,0,1,1,1,1,1,1,1,0,1,1,0,1,10
"283",0.390480096516806,0,0,0,0,1,1,0,1,0,0,1,1,0,1,0,6,0,0,0,0,0,0,0,0,0,0,0,0,0,0,0,0,0,0,0,0,0,1,1,0,1,0,0,1,1,0,1,0,6
"284",0.712767701831116,1,0,0,0,1,1,0,0,1,1,0,1,0,1,1,8,1,1,1,1,1,1,1,1,1,1,1,1,1,1,1,15,0,1,0,0,0,1,1,0,0,1,1,0,1,0,1,1,8
"285",-0.135477075026898,1,0,1,1,1,1,0,0,0,0,1,1,1,0,1,9,1,0,1,1,1,1,1,1,1,1,1,1,1,1,1,14,0,1,0,1,1,1,1,0,0,0,0,1,1,1,0,1,9
"286",0.028926277138784,0,1,1,1,1,1,1,0,0,0,1,1,1,0,0,9,0,0,0,0,0,1,0,0,0,0,0,0,0,0,0,1,0,0,0,0,0,0,1,0,0,0,0,0,0,0,0,0,1
"287",0.497708685912503,1,1,1,1,1,1,0,1,1,1,1,0,1,1,1,13,0,0,0,0,1,1,0,0,0,0,0,0,1,0,0,3,0,1,1,1,1,1,1,0,1,1,1,1,0,1,1,1,13
"288",-0.0311021479685237,0,0,1,1,0,0,0,1,0,0,0,0,1,0,0,4,1,1,1,1,1,1,1,1,1,1,1,1,1,1,1,15,0,0,0,1,1,0,0,0,1,0,0,0,0,1,0,0,4
"289",-0.15681583245686,0,1,1,1,1,1,0,1,1,1,1,1,0,1,1,12,0,0,0,1,1,1,0,1,0,0,1,0,0,0,0,5,1,0,1,1,1,1,1,0,1,1,1,1,1,0,1,1,12
"290",-0.190558521830609,0,1,0,0,1,1,0,1,0,1,1,0,1,0,1,8,0,0,0,0,0,0,0,0,0,0,0,0,0,0,0,0,0,0,1,0,0,1,1,0,1,0,1,1,0,1,0,1,8
"291",0.641480468662793,0,1,0,1,1,1,0,1,0,1,1,0,1,1,1,10,0,0,0,0,1,0,0,0,0,0,0,0,0,0,0,1,0,0,1,0,1,1,1,0,1,0,1,1,0,1,1,1,10
"292",-1.71702091960381,0,0,0,0,1,0,0,1,0,0,0,0,1,0,0,3,0,0,0,0,0,0,0,0,0,0,0,0,0,0,0,0,0,0,0,0,0,0,0,0,0,0,0,0,0,0,0,0,0
"293",1.6147575675641,1,1,0,0,1,1,0,1,1,1,0,0,1,0,1,9,1,1,1,1,1,1,1,1,1,1,1,1,1,1,1,15,0,1,1,0,0,1,1,0,1,1,1,0,0,1,0,1,9
"294",0.049232927225627,0,1,1,1,0,1,1,1,0,1,0,1,1,0,1,10,0,0,1,1,1,1,1,1,0,1,1,1,1,0,1,11,0,0,1,1,1,0,1,1,1,0,1,0,1,1,0,1,10
"295",-1.0888263573301,1,0,0,1,0,0,0,0,0,0,1,0,0,0,0,3,0,0,0,0,0,0,0,0,0,0,0,0,0,0,0,0,0,1,0,0,1,0,0,0,0,0,0,1,0,0,0,0,3
"296",-1.05775720381039,0,1,1,1,1,1,1,1,0,1,0,1,0,1,1,11,0,0,0,0,0,0,0,0,0,0,0,0,0,0,0,0,0,0,1,1,1,1,1,1,1,0,1,0,1,0,1,1,11
"297",0.418871547623909,1,1,1,1,1,0,1,0,1,0,1,1,1,1,1,12,1,1,1,1,1,1,1,1,1,1,1,1,1,1,1,15,0,1,1,1,1,1,0,1,0,1,0,1,1,1,1,1,12
"298",-0.911597907355458,0,0,0,0,0,0,0,0,0,0,0,1,0,0,0,1,0,0,0,0,0,0,0,0,0,0,0,0,0,0,0,0,0,0,0,0,0,0,0,0,0,0,0,0,1,0,0,0,1
"299",0.388229816249284,1,1,0,1,1,1,0,1,1,0,1,0,1,0,1,10,1,1,0,1,1,1,0,1,1,1,1,1,1,1,1,13,0,1,1,0,1,1,1,0,1,1,0,1,0,1,0,1,10
"300",2.30569856957395,0,1,0,0,1,1,0,1,1,0,0,1,1,0,1,8,0,0,0,0,0,1,0,0,0,0,0,0,0,0,0,1,0,0,1,0,0,1,1,0,1,1,0,0,1,1,0,1,8
"301",-0.650506647356792,0,0,1,0,1,1,0,0,0,0,0,0,1,0,0,4,0,0,0,0,0,0,0,0,0,0,0,0,0,0,0,0,0,0,0,1,0,1,1,0,0,0,0,0,0,1,0,0,4
"302",1.25394933240021,1,0,1,0,1,1,0,0,1,0,1,0,0,1,1,8,1,1,1,1,1,1,1,1,1,1,1,1,1,1,1,15,0,1,0,1,0,1,1,0,0,1,0,1,0,0,1,1,8
"303",-0.165018597668474,0,1,0,0,1,1,0,0,1,1,1,1,0,0,0,7,0,0,0,0,0,0,0,0,0,0,0,0,0,0,0,0,0,0,1,0,0,1,1,0,0,1,1,1,1,0,0,0,7
"304",-1.6161762790557,0,0,0,1,1,1,0,1,0,1,1,0,0,1,0,7,0,0,0,1,1,1,0,1,0,1,1,0,0,0,0,6,0,0,0,0,1,1,1,0,1,0,1,1,0,0,1,0,7
"305",-1.32090942025032,0,0,0,0,0,0,0,0,0,1,1,0,0,0,1,3,0,0,0,0,0,0,0,0,0,0,0,0,0,0,0,0,0,0,0,0,0,0,0,0,0,0,1,1,0,0,0,1,3
"306",-0.0785941329047684,0,0,0,0,0,0,0,0,0,0,0,1,1,0,0,2,0,0,0,0,0,0,0,0,0,0,0,0,0,0,0,0,0,0,0,0,0,0,0,0,0,0,0,0,1,1,0,0,2
"307",0.742115053673984,0,0,0,0,1,0,1,1,1,0,1,0,0,0,0,5,1,0,1,1,1,1,1,1,1,1,1,1,1,1,1,14,0,1,0,1,1,1,1,1,1,1,1,1,1,1,1,1,14
"308",-0.515688411510733,0,0,0,0,0,0,0,0,0,1,0,0,0,0,0,1,0,0,0,0,0,0,0,0,0,0,0,0,0,0,0,0,0,0,0,0,0,0,0,0,0,0,1,0,0,0,0,0,1
"309",0.822086004580087,1,0,1,0,1,1,1,0,0,1,1,1,0,1,1,10,1,1,1,1,1,1,1,1,1,1,1,1,1,1,1,15,0,1,0,1,0,1,1,1,0,0,1,1,1,0,1,1,10
"310",1.48635807500642,0,0,0,1,1,1,0,1,0,0,1,1,0,1,1,8,0,0,0,0,0,1,0,0,0,0,0,0,0,0,1,2,1,0,0,0,1,1,1,0,1,0,0,1,1,0,1,1,8
"311",-0.348818515971874,0,0,0,0,0,0,0,0,1,0,0,0,0,0,0,1,0,0,0,0,0,0,0,0,0,0,0,0,0,0,0,0,0,0,0,0,0,0,0,0,0,1,0,0,0,0,0,0,1
"312",0.49491610884874,0,1,1,0,1,1,0,0,0,1,1,1,1,0,1,9,0,0,0,0,0,0,0,0,0,0,0,0,0,0,0,0,0,0,1,1,0,1,1,0,0,0,1,1,1,1,0,1,9
"313",0.986098350749476,0,0,0,0,0,1,0,1,0,0,1,1,0,0,1,5,0,0,0,0,1,1,0,1,0,0,1,1,1,0,1,7,0,0,0,0,0,0,1,0,1,0,0,1,1,0,0,1,5
"314",-3.01824112152629,0,0,0,0,0,0,0,0,0,0,0,0,0,0,0,0,0,0,0,0,0,0,0,0,0,0,0,0,0,0,0,0,0,0,0,0,0,0,0,0,0,0,0,0,0,0,0,0,0
"315",0.523691030396137,0,1,0,1,1,1,1,0,0,0,0,1,1,0,0,7,0,0,0,0,0,0,0,0,0,0,0,0,0,0,0,0,0,0,1,0,1,1,1,1,0,0,0,0,1,1,0,0,7
"316",-0.0882207229734653,1,1,1,0,1,1,0,1,1,1,1,1,1,1,1,13,1,1,1,1,1,1,1,1,1,1,1,1,1,1,1,15,0,1,1,1,0,1,1,0,1,1,1,1,1,1,1,1,13
"317",0.825486759473842,0,0,0,1,1,0,0,1,1,0,0,1,0,0,0,5,0,0,0,1,1,1,0,1,1,0,1,1,0,0,0,7,0,0,0,0,1,1,1,0,1,1,0,1,1,0,0,0,7
"318",0.223978605485256,0,1,1,1,1,1,1,1,1,1,1,1,0,0,1,12,0,0,0,1,1,1,0,1,0,1,1,1,0,0,0,7,1,0,1,1,1,1,1,1,1,1,1,1,1,0,0,1,12
"319",-0.0166030415976515,0,0,0,0,1,1,0,0,0,1,1,0,0,1,1,6,0,0,0,0,0,0,0,0,0,0,0,0,0,0,0,0,0,0,0,0,0,0,0,0,0,0,0,0,0,0,0,0,0
"320",-2.68689963839312,0,0,0,0,0,0,0,0,0,0,0,0,0,0,0,0,0,1,1,1,1,1,1,1,1,1,1,1,1,1,1,14,0,0,0,0,0,0,0,0,0,0,0,0,0,0,0,0,0
"321",0.70295384397768,1,0,1,0,1,1,0,1,0,1,1,1,0,1,0,9,0,0,0,0,1,1,0,1,0,0,1,0,0,0,0,4,1,1,0,1,0,1,1,0,1,0,1,1,1,0,1,0,9
"322",-0.0886373796359583,1,0,0,1,1,0,0,1,1,0,1,1,1,0,1,9,1,1,1,1,1,1,1,1,1,1,1,1,1,1,1,15,0,1,0,0,1,1,0,0,1,1,0,1,1,1,0,1,9
"323",-1.54827748180419,0,1,0,0,0,1,0,0,0,0,0,1,1,0,1,5,0,0,0,0,0,1,0,0,0,0,1,1,1,0,1,5,0,0,1,0,0,0,1,0,0,0,0,0,1,1,0,1,5
"324",-0.406317277794329,0,0,0,0,0,0,0,1,0,0,1,0,0,0,0,2,0,0,0,0,0,0,0,0,0,0,0,0,0,0,0,0,0,0,0,0,0,0,0,0,1,0,0,1,0,0,0,0,2
"325",0.376654585158801,0,1,0,0,0,1,0,0,0,1,0,1,1,1,0,6,0,0,0,0,0,0,0,0,0,0,0,0,0,0,0,0,0,0,1,0,0,0,1,0,0,0,1,0,1,1,1,0,6
"326",0.853144954323721,0,0,1,0,0,0,0,0,0,0,0,1,1,0,1,4,0,0,0,0,1,1,0,1,0,0,1,1,1,0,1,7,0,0,0,1,0,0,0,0,0,0,0,0,1,1,0,1,4
"327",-0.111513350080247,0,0,0,0,0,0,0,0,1,0,0,0,0,0,0,1,0,0,0,0,0,0,0,0,0,0,0,0,0,0,0,0,0,0,0,0,0,0,0,0,0,1,0,0,0,0,0,0,1
"328",-1.25226894673091,0,0,0,0,1,0,0,1,0,0,0,0,1,0,0,3,0,0,0,0,0,0,0,1,0,0,0,0,0,0,0,1,0,0,0,0,0,1,0,0,1,0,0,0,0,1,0,0,3
"329",-0.34959001600254,0,0,0,0,1,1,0,0,0,0,0,1,1,1,0,5,0,1,1,1,1,1,1,1,1,1,1,1,1,1,1,14,0,0,0,0,0,1,1,0,0,0,0,0,1,1,1,0,5
"330",1.20975921313385,1,1,1,1,1,1,1,1,1,1,1,1,1,1,1,15,1,1,1,1,1,1,0,1,1,1,1,1,1,1,1,14,0,1,1,1,1,1,1,1,1,1,1,1,1,1,1,1,15
"331",2.24973145517335,1,1,1,1,1,1,1,1,1,1,1,1,1,1,1,15,0,0,0,0,0,0,0,0,0,0,0,0,0,0,0,0,0,1,1,1,1,1,1,1,1,1,1,1,1,1,1,1,15
"332",-0.369865341688528,1,0,1,1,1,1,1,0,1,0,1,1,0,1,1,11,0,0,0,0,0,0,0,0,0,0,0,0,0,0,0,0,0,1,0,1,1,1,1,1,0,1,0,1,1,0,1,1,11
"333",-2.17771871569202,0,0,0,0,0,1,0,0,0,0,0,0,0,0,0,1,1,1,1,1,1,1,1,1,1,1,1,1,1,1,1,15,0,0,0,0,0,0,1,0,0,0,0,0,0,0,0,0,1
"334",-0.440823612418011,0,1,0,0,1,0,0,1,0,0,0,1,0,0,0,4,1,1,1,1,1,1,1,1,1,1,1,1,1,1,1,15,0,0,1,0,0,1,0,0,1,0,0,0,1,0,0,0,4
"335",-0.642399494881111,0,0,0,0,0,0,0,0,0,0,0,0,0,0,0,0,0,0,0,0,0,0,0,0,0,0,0,0,0,0,0,0,1,0,0,0,0,0,0,0,0,0,0,0,0,0,0,0,0
"336",1.00717528694836,1,1,1,1,1,1,1,1,1,0,1,0,1,1,1,13,0,0,0,0,0,1,0,0,0,0,0,0,0,0,0,1,0,0,0,0,0,0,1,0,0,0,0,0,0,0,0,0,1
"337",-0.0457019394304961,0,0,0,0,1,1,0,1,0,0,0,0,1,1,1,6,1,1,1,1,1,1,1,1,1,1,1,1,1,1,1,15,0,0,0,0,0,1,1,0,1,0,0,0,0,1,1,1,6
"338",0.403148710978683,1,1,1,1,1,1,0,1,1,1,1,1,1,1,1,14,0,1,1,1,1,1,0,1,1,1,1,1,1,0,1,12,0,1,1,1,1,1,1,0,1,1,1,1,1,1,1,1,14
"339",0.197399522465055,1,1,1,1,1,1,1,0,1,1,0,1,1,1,1,13,0,0,0,0,0,0,0,0,0,0,0,0,0,0,0,0,0,1,1,1,1,1,1,1,0,1,1,0,1,1,1,1,13
"340",-0.0111924502958426,0,0,1,1,1,1,1,1,1,1,1,1,1,1,1,13,0,0,0,0,1,1,0,0,1,1,1,0,1,0,1,7,0,0,0,1,1,1,1,1,1,1,1,1,1,1,1,1,13
"341",1.22667348627702,1,1,1,1,1,1,0,1,1,1,1,1,1,0,1,13,0,0,0,0,1,1,0,1,1,0,1,1,0,0,0,6,0,1,1,1,1,1,1,0,1,1,1,1,1,1,0,1,13
"342",1.33046987207282,1,1,0,1,1,1,0,0,0,0,1,0,1,1,0,8,0,0,0,1,1,1,0,0,0,0,0,0,1,0,0,4,0,1,1,0,1,1,1,0,0,0,0,1,0,1,1,0,8
"343",-0.0737433704142822,1,0,0,0,1,1,0,1,0,1,0,0,0,0,0,5,0,0,0,0,0,0,0,0,0,0,0,0,0,0,0,0,0,1,0,0,0,1,1,0,1,0,1,0,0,0,0,0,5
"344",1.38348824391723,1,1,0,1,1,1,1,1,0,0,0,0,1,0,1,9,0,0,0,0,1,0,0,0,0,0,0,0,0,0,0,1,0,1,1,0,1,1,1,1,1,0,0,0,0,1,0,1,9
"345",0.0840056669071527,0,0,0,0,0,0,0,1,0,0,1,0,0,0,1,3,0,0,0,0,0,0,0,0,0,0,0,0,0,0,0,0,0,0,0,0,0,0,0,0,1,0,0,1,0,0,0,1,3
"346",0.302800787949051,0,1,0,1,0,1,1,1,1,1,1,1,1,0,0,10,1,1,1,1,1,1,1,1,1,1,1,1,1,1,1,15,0,0,1,0,1,0,1,1,1,1,1,1,1,1,0,0,10
"347",1.15280768884636,1,0,0,1,0,1,0,0,0,0,1,1,1,1,0,7,0,0,0,0,0,1,0,0,0,0,0,0,0,0,0,1,1,1,0,0,1,0,1,0,0,0,0,1,1,1,1,0,7
"348",0.187493668358225,1,1,1,1,0,1,0,0,1,1,1,1,1,1,1,12,0,0,0,0,0,1,0,0,0,0,0,0,0,0,0,1,0,1,1,1,1,0,1,0,0,1,1,1,1,1,1,1,12
"349",-1.25410707002051,0,0,0,0,0,0,0,0,0,0,0,0,0,0,1,1,0,0,1,1,1,1,0,1,1,0,1,1,1,0,1,10,0,0,0,0,0,0,0,0,0,0,0,0,0,0,0,1,1
"350",-0.821297941150346,0,0,0,1,1,1,0,0,0,0,0,0,1,0,1,5,0,0,0,0,0,0,0,0,0,0,0,0,0,0,0,0,0,0,0,0,1,1,1,0,0,0,0,0,0,1,0,1,5
"351",-1.7157985076516,0,0,0,0,0,0,1,0,1,0,0,1,0,0,0,3,0,0,0,0,1,1,0,1,1,0,1,1,1,0,1,8,0,0,0,0,0,0,0,1,0,1,0,0,1,0,0,0,3
"352",-0.311114456589298,1,0,0,1,1,1,0,0,0,1,0,1,0,0,0,6,1,0,0,1,1,1,1,1,1,1,1,1,1,1,1,13,0,1,0,0,1,1,1,0,0,0,1,0,1,0,0,0,6
"353",-0.049097123583107,0,1,0,1,0,1,0,1,0,1,0,1,0,0,0,6,1,1,1,1,1,1,1,1,1,1,1,1,1,1,1,15,0,1,1,1,1,1,1,1,1,1,1,1,1,1,1,1,15
"354",-0.0587977766784014,0,1,0,1,1,1,0,1,1,0,0,1,1,1,1,10,0,0,0,0,1,0,0,0,0,0,0,0,0,0,0,1,0,0,1,0,1,1,1,0,1,1,0,0,1,1,1,1,10
"355",0.804647918573127,0,1,1,1,1,1,1,1,1,1,1,1,1,1,1,14,0,0,0,0,0,0,0,0,0,0,0,0,0,0,0,0,0,0,1,1,1,1,1,1,1,1,1,1,1,1,1,1,14
"356",0.330149788711927,1,0,1,1,0,0,0,1,0,0,0,1,1,1,1,8,1,1,1,1,1,1,1,1,1,1,1,1,1,1,1,15,0,1,0,1,1,0,0,0,1,0,0,0,1,1,1,1,8
"357",1.47352275781028,0,0,1,1,1,1,0,1,0,1,1,1,1,1,1,11,0,0,0,0,0,0,0,0,0,0,0,0,0,0,0,0,0,0,0,1,1,1,1,0,1,0,1,1,1,1,1,1,11
"358",0.962729081134056,1,1,1,1,1,1,1,1,1,1,1,1,1,1,1,15,0,0,1,1,1,1,0,1,0,1,1,1,1,1,1,11,0,1,1,1,1,1,1,1,1,1,1,1,1,1,1,1,15
"359",0.40276034599209,1,1,1,0,1,0,0,1,0,1,1,1,0,1,0,9,1,1,0,0,1,1,0,1,0,0,1,1,0,0,0,7,0,1,1,1,0,1,0,0,1,0,1,1,1,0,1,0,9
"360",-0.519427130606457,0,0,0,1,1,1,0,0,0,1,1,1,1,1,0,8,1,1,1,1,1,1,1,1,1,1,1,1,1,1,1,15,0,0,0,0,1,1,1,0,0,0,1,1,1,1,1,0,8
"361",-0.404612694068429,0,0,0,1,1,1,1,0,0,1,1,1,0,0,1,8,0,0,0,0,0,0,0,0,0,0,0,0,0,0,0,0,0,0,0,0,1,1,1,1,0,0,1,1,1,0,0,1,8
"362",-0.839961820802672,1,0,0,0,0,1,0,1,1,1,1,0,0,0,0,6,1,0,0,1,1,1,0,1,1,1,1,1,0,0,1,10,0,1,0,0,0,0,1,0,1,1,1,1,0,0,0,0,6
"363",0.345954033244586,0,1,0,0,1,0,0,0,1,0,0,1,0,1,0,5,1,1,1,1,1,1,1,1,1,1,1,1,1,1,1,15,0,0,1,0,0,1,0,0,0,1,0,0,1,0,1,0,5
"364",-0.0623915761474515,0,0,0,0,0,0,0,0,0,0,0,0,1,0,1,2,0,0,0,0,0,1,0,0,0,0,0,0,1,0,1,3,0,0,0,0,0,0,0,0,0,0,0,0,0,1,0,1,2
"365",0.374757362027598,1,1,0,1,1,1,1,1,0,1,1,0,1,1,0,11,0,0,0,1,1,1,0,0,0,1,1,0,1,0,0,6,0,1,1,0,1,1,1,1,1,0,1,1,0,1,1,0,11
"366",0.371692054593101,1,0,0,1,1,1,0,1,1,1,1,1,1,1,1,12,1,1,1,1,1,1,1,1,1,1,1,1,1,1,1,15,0,1,0,0,1,1,1,0,1,1,1,1,1,1,1,1,12
"367",-1.18401180251928,0,0,0,0,0,0,0,1,0,0,0,0,1,0,0,2,0,1,1,1,1,1,1,1,1,1,1,1,1,1,1,14,0,0,0,0,0,0,0,0,1,0,0,0,0,1,0,0,2
"368",-0.299200806109333,0,0,0,0,0,1,1,0,0,0,0,0,1,1,0,4,0,0,0,1,1,1,0,0,0,0,0,1,1,0,1,6,0,0,0,0,0,0,1,1,0,0,0,0,0,1,1,0,4
"369",-0.376534463272001,0,0,0,0,1,0,0,1,0,1,1,1,0,1,0,6,1,1,1,1,1,1,1,1,1,1,1,1,1,1,1,15,0,0,0,0,0,1,0,0,1,0,1,1,1,0,1,0,6
"370",0.368145476526911,0,0,1,1,1,1,1,1,0,0,0,0,0,0,1,7,0,0,0,0,0,0,0,0,0,0,0,0,0,0,0,0,0,0,0,1,1,1,1,1,1,0,0,0,0,0,0,1,7
"371",-0.364847955155965,0,1,1,1,0,1,0,0,1,1,0,1,1,0,0,8,0,0,0,0,0,0,0,0,0,0,0,0,0,0,0,0,0,0,1,1,1,0,1,0,0,1,1,0,1,1,0,0,8
"372",0.813798099965878,0,1,0,0,0,1,1,1,0,0,1,1,1,0,1,8,1,1,1,1,1,1,1,1,1,1,1,1,1,1,1,15,0,0,1,0,0,0,1,1,1,0,0,1,1,1,0,1,8
"373",0.734331267683932,1,0,0,1,1,0,1,1,0,0,1,1,0,0,1,8,0,0,0,0,0,0,0,0,0,0,0,0,0,0,0,0,0,1,0,0,1,1,0,1,1,0,0,1,1,0,0,1,8
"374",-1.69970488932978,0,0,0,0,0,0,0,0,0,0,1,0,0,0,0,1,1,1,1,1,1,1,1,1,1,1,1,1,1,1,1,15,0,0,0,0,0,0,0,0,0,0,0,1,0,0,0,0,1
"375",1.49458346661281,0,0,0,1,0,1,0,0,0,1,0,0,0,0,0,3,0,0,0,0,0,0,0,0,0,0,0,0,0,0,0,0,0,0,0,0,1,0,1,0,0,0,1,0,0,0,0,0,3
"376",0.626085799041351,1,1,1,1,1,1,1,1,0,1,1,1,1,1,1,14,1,1,1,1,1,1,1,1,1,1,1,1,1,1,1,15,0,1,1,1,1,1,1,1,1,1,1,1,1,1,1,1,15
"377",-1.32202325202112,1,1,0,1,1,1,1,0,0,1,1,1,1,1,0,11,0,0,0,1,1,1,0,0,0,0,1,1,1,0,0,6,0,1,1,0,1,1,1,1,0,0,1,1,1,1,1,0,11
"378",-1.0144476549373,0,0,0,0,0,1,0,0,0,0,0,0,0,1,0,2,1,1,0,1,1,1,1,1,1,1,1,1,1,1,1,14,0,0,0,0,0,0,1,0,0,0,0,0,0,0,1,0,2
"379",1.09409654131005,1,0,0,0,1,0,1,1,1,1,0,1,1,0,1,9,0,0,0,0,0,0,0,0,0,0,0,0,0,0,0,0,0,0,0,0,0,0,0,0,0,0,0,0,0,0,0,0,0
"380",-0.618546941462691,0,0,0,1,1,1,1,1,0,1,1,1,1,0,1,10,0,0,0,0,1,1,0,0,0,0,0,0,0,0,1,3,0,0,0,0,1,1,1,1,1,0,1,1,1,1,0,1,10
"381",-0.547955917994628,0,0,0,0,1,0,0,0,0,0,0,0,0,0,0,1,0,0,0,0,1,0,0,0,0,0,0,0,0,0,0,1,0,0,0,0,0,1,0,0,0,0,0,0,0,0,0,0,1
"382",0.351626510245877,1,1,1,1,1,1,1,1,1,1,1,1,0,1,1,14,0,0,0,1,1,1,0,1,1,0,1,0,0,0,0,6,0,1,1,1,1,1,1,1,1,1,1,1,1,0,1,1,14
"383",0.169368299998335,0,1,1,1,0,0,1,0,1,0,1,1,1,0,0,8,0,0,0,0,1,1,0,0,0,0,1,0,1,0,0,4,0,0,1,1,1,0,0,1,0,1,0,1,1,1,0,0,8
"384",-0.37652001092534,0,1,0,0,1,1,0,1,0,1,1,0,0,0,0,6,1,1,1,1,1,1,1,1,1,1,1,1,1,1,1,15,0,0,1,0,0,1,1,0,1,0,1,1,0,0,0,0,6
"385",1.67063110516338,1,1,1,1,1,1,1,0,1,1,1,0,1,0,1,12,1,1,1,1,1,1,1,1,1,1,1,1,1,0,1,14,0,1,1,1,1,1,1,1,0,1,1,1,0,1,0,1,12
"386",0.736838455005346,1,1,0,1,1,0,1,1,0,0,0,1,1,0,1,9,0,0,0,1,1,1,1,1,1,0,0,1,1,0,1,9,0,1,1,0,1,1,0,1,1,0,0,0,1,1,0,1,9
"387",1.18735255308868,0,0,0,0,0,0,1,0,0,0,0,0,0,0,0,1,0,0,0,0,1,0,0,0,0,0,0,0,0,0,0,1,0,0,0,0,0,0,0,1,0,0,0,0,0,0,0,0,1
"388",0.339968374083931,1,1,0,1,1,1,0,1,1,0,0,0,1,0,0,8,0,0,0,0,1,0,0,0,0,0,0,0,1,0,0,2,0,1,1,0,1,1,1,0,1,1,0,0,0,1,0,0,8
"389",-0.200503761026319,0,0,0,0,0,0,0,0,0,0,0,0,0,0,0,0,0,0,0,0,1,1,0,0,0,0,0,1,1,0,0,4,0,0,0,0,0,0,0,0,0,0,0,0,0,0,0,0,0
"390",-0.578864594682932,1,1,1,0,1,1,1,1,0,0,1,0,0,0,1,9,1,1,1,1,1,1,1,1,1,1,1,1,1,1,1,15,0,1,1,1,0,1,1,1,1,0,0,1,0,0,0,1,9
"391",0.260032773847919,0,0,0,0,1,0,1,1,1,1,0,0,1,0,1,7,1,0,0,1,1,1,1,1,1,1,1,1,1,1,1,13,0,0,0,0,0,1,0,1,1,1,1,0,0,1,0,1,7
"392",-1.23275277342948,0,0,0,0,1,1,1,0,1,1,0,0,0,0,1,6,0,0,0,0,0,1,0,0,0,0,0,0,0,0,0,1,0,0,0,0,0,1,1,1,0,1,1,0,0,0,0,1,6
"393",0.576758317681003,1,1,0,1,1,1,1,1,1,0,1,1,1,1,1,13,1,1,1,1,1,1,1,1,1,1,1,1,1,1,1,15,0,1,1,0,1,1,1,1,1,1,0,1,1,1,1,1,13
"394",0.718615275829827,0,0,1,0,0,1,1,1,1,1,1,1,1,0,1,10,1,1,1,1,1,1,1,1,1,1,1,1,1,1,1,15,0,0,0,1,0,0,1,1,1,1,1,1,1,1,0,1,10
"395",-0.772563295487108,1,0,0,1,0,1,0,0,0,0,0,0,0,0,1,4,1,1,1,1,1,1,1,1,1,1,1,1,1,1,1,15,0,1,0,0,1,0,1,0,0,0,0,0,0,0,0,1,4
"396",1.70133087524079,0,0,0,1,0,1,0,0,0,0,1,0,0,1,0,4,0,0,1,1,1,1,1,1,1,1,1,1,1,1,1,13,0,0,0,0,1,0,1,0,0,0,0,1,0,0,1,0,4
"397",2.62624654972509,1,1,1,1,1,1,1,1,1,1,1,1,1,1,1,15,0,0,0,0,0,0,0,0,0,0,0,0,0,0,0,0,0,1,1,1,1,1,1,1,1,1,1,1,1,1,1,1,15
"398",1.32274002406954,0,1,0,1,1,0,1,1,1,1,1,0,1,1,1,11,1,1,1,1,1,1,1,1,1,1,1,1,1,1,1,15,0,0,1,0,1,1,0,1,1,1,1,1,0,1,1,1,11
"399",-0.697057565342753,0,0,0,0,0,0,0,0,0,0,0,0,1,0,0,1,1,1,1,1,1,1,1,1,1,1,1,1,1,1,1,15,1,0,0,0,0,0,0,0,0,0,0,0,0,1,0,0,1
"400",2.40105715966067,0,0,0,1,1,0,0,0,0,1,0,0,0,1,1,5,0,0,0,0,0,0,0,0,0,0,0,0,0,0,0,0,0,0,0,0,1,1,0,0,0,0,1,0,0,0,1,1,5
"401",-0.157152240469894,0,0,0,0,0,0,0,0,1,1,1,0,0,0,1,4,0,0,0,0,0,0,0,0,0,0,0,0,0,0,0,0,0,0,0,0,0,0,0,0,0,1,1,1,0,0,0,1,4
"402",1.02672823283485,1,1,0,1,1,1,0,1,1,0,0,1,0,1,1,10,1,0,0,1,1,1,0,1,1,1,1,1,1,0,1,11,0,1,1,0,1,1,1,0,1,1,0,0,1,0,1,1,10
"403",-1.27511802586331,1,1,1,1,1,1,1,0,0,0,1,0,1,0,0,9,1,1,1,1,1,1,1,1,0,1,1,1,1,0,1,13,0,1,1,1,1,1,1,1,0,0,0,1,0,1,0,0,9
"404",-0.479086625453763,1,0,0,1,0,0,1,0,0,0,1,1,0,0,0,5,1,0,1,1,1,1,1,1,1,1,1,1,1,0,1,13,0,1,0,0,1,0,0,1,0,0,0,1,1,0,0,0,5
"405",-1.04515454360477,0,1,0,0,1,1,1,0,1,1,1,1,1,1,1,11,0,0,0,0,1,1,1,0,1,1,1,0,1,0,1,8,0,0,1,0,0,1,1,1,0,1,1,1,1,1,1,1,11
"406",0.0330008538874397,0,0,0,0,0,0,0,0,0,0,0,0,0,0,0,0,0,0,0,0,0,0,0,0,0,0,0,0,0,0,0,0,1,0,0,0,0,0,0,0,0,0,0,0,0,0,0,0,0
"407",-0.25888804657156,0,0,0,0,0,1,0,0,0,0,0,0,0,0,0,1,1,1,1,1,1,1,1,1,1,1,1,1,1,1,1,15,0,0,0,0,0,0,1,0,0,0,0,0,0,0,0,0,1
"408",-0.961552387020104,1,0,0,1,1,1,0,0,0,0,1,0,0,0,1,6,0,0,0,0,0,0,0,0,0,0,0,0,0,0,0,0,0,1,0,0,1,1,1,0,0,0,0,1,0,0,0,1,6
"409",1.92807651204837,0,1,0,1,1,1,1,1,1,1,0,1,0,0,1,10,1,1,1,1,1,1,1,1,1,1,1,1,1,1,1,15,0,0,1,0,1,1,1,1,1,1,1,0,1,0,0,1,10
"410",-0.22469519675693,1,0,0,1,1,1,0,1,0,1,0,1,1,0,0,8,0,0,0,0,0,0,0,0,0,0,0,0,0,0,0,0,0,1,0,0,1,1,1,0,1,0,1,0,1,1,0,0,8
"411",1.11931275599819,0,0,0,0,1,1,0,1,1,0,0,1,0,0,1,6,0,0,0,0,0,0,0,0,0,0,0,0,0,0,0,0,0,0,0,0,0,1,1,0,1,1,0,0,1,0,0,1,6
"412",1.95501876692533,1,0,1,0,1,0,1,1,0,0,1,1,0,1,1,9,0,0,0,0,0,0,0,0,0,0,0,0,0,0,0,0,1,0,0,0,0,0,0,0,0,0,0,0,0,0,0,0,0
"413",0.816502509480512,0,1,1,1,1,1,0,0,0,0,0,1,0,1,0,7,0,0,0,0,1,1,0,0,0,0,0,0,0,0,0,2,0,0,1,1,1,1,1,0,0,0,0,0,1,0,1,0,7
"414",-1.35768162908687,0,0,1,1,1,0,0,1,0,0,0,1,1,0,1,7,1,1,1,1,1,1,1,1,1,1,1,1,1,1,1,15,0,0,0,1,1,1,0,0,1,0,0,0,1,1,0,1,7
"415",0.69000948313274,0,0,0,0,1,1,0,0,0,1,0,0,0,0,1,4,0,0,0,0,0,0,0,0,0,0,0,0,0,0,0,0,1,0,0,0,0,1,1,0,0,0,1,0,0,0,0,1,4
"416",-1.00557429245047,1,0,0,0,1,0,0,1,0,1,1,1,0,0,1,7,1,0,1,1,1,1,1,1,1,1,1,1,1,1,1,14,0,1,0,0,0,1,0,0,1,0,1,1,1,0,0,1,7
"417",-2.14587119529685,0,0,0,0,0,0,0,0,0,0,0,0,0,0,0,0,0,0,0,0,0,0,0,0,0,0,0,0,0,0,0,0,0,0,0,0,0,0,0,0,0,0,0,0,0,0,0,0,0
"418",0.603219208722748,0,1,0,1,1,1,1,1,1,1,1,0,1,0,1,11,1,1,1,1,1,1,1,1,1,1,1,1,1,1,1,15,0,0,1,0,1,1,1,1,1,1,1,1,0,1,0,1,11
"419",0.224414720988838,0,1,0,1,1,1,0,0,1,1,1,0,1,1,1,10,1,1,1,1,1,1,1,1,1,1,1,1,1,1,1,15,1,0,1,0,1,1,1,0,0,1,1,1,0,1,1,1,10
"420",0.422689776607647,0,0,0,1,1,1,0,1,1,1,1,0,0,0,0,7,1,1,1,1,1,1,1,1,1,1,1,1,1,1,1,15,0,0,0,0,1,1,1,0,1,1,1,1,0,0,0,0,7
"421",0.0287391402124848,0,0,0,0,0,0,0,1,0,0,0,0,1,1,1,4,1,1,1,1,1,1,1,1,1,1,1,1,1,1,1,15,0,0,0,0,0,0,0,0,1,0,0,0,0,1,1,1,4
"422",-1.04771817077745,0,0,1,0,1,1,0,0,0,0,0,0,0,0,0,3,0,0,0,0,1,0,0,0,0,0,0,0,0,0,0,1,0,0,0,1,0,1,1,0,0,0,0,0,0,0,0,0,3
"423",1.322509607082,0,0,0,0,1,0,1,0,0,0,0,0,0,0,0,2,0,0,0,0,1,0,0,0,0,0,0,0,0,0,0,1,0,0,0,0,0,1,0,1,0,0,0,0,0,0,0,0,2
"424",1.22047625727759,1,0,0,1,1,1,0,1,0,1,1,1,1,1,1,11,1,1,1,1,1,1,0,1,1,1,1,1,1,1,1,14,0,1,0,0,1,1,1,0,1,0,1,1,1,1,1,1,11
"425",0.848801569771261,1,0,1,1,1,1,0,1,1,0,0,1,1,0,1,10,0,0,0,0,1,1,0,0,0,0,0,0,0,0,0,2,0,1,0,1,1,1,1,0,1,1,0,0,1,1,0,1,10
"426",-2.00504954638694,0,0,0,0,0,0,0,0,0,0,0,0,1,0,0,1,0,0,0,0,0,0,0,0,0,0,0,0,0,0,0,0,0,0,0,0,0,0,0,0,0,0,0,0,0,1,0,0,1
"427",-1.59236540732707,0,1,0,1,1,1,0,1,0,1,0,0,1,0,1,8,0,0,0,1,1,1,0,1,1,1,1,0,1,0,1,9,0,0,1,0,1,1,1,0,1,0,1,0,0,1,0,1,8
"428",-2.27095018479557,0,0,0,0,0,0,0,0,0,0,0,0,0,0,0,0,0,0,0,0,0,0,0,0,0,0,0,0,0,0,0,0,0,0,0,0,0,0,0,0,0,0,0,0,0,0,0,0,0
"429",2.52735979968291,0,0,1,1,1,1,1,0,1,1,1,1,1,1,1,12,0,0,0,1,1,1,0,0,1,1,1,0,1,0,1,8,0,0,0,1,1,1,1,1,0,1,1,1,1,1,1,1,12
"430",-0.493214931029918,0,0,0,0,0,0,0,0,1,0,0,0,0,1,0,2,0,0,0,0,0,0,0,0,0,0,0,0,0,0,0,0,0,0,0,0,0,0,0,0,0,1,0,0,0,0,1,0,2
"431",0.682804893465299,0,1,0,0,1,1,0,1,0,0,1,1,0,1,0,7,0,0,0,0,0,0,0,0,0,0,0,0,0,0,0,0,0,0,1,0,0,1,1,0,1,0,0,1,1,0,1,0,7
"432",-0.158531867888378,1,0,0,0,0,0,0,0,1,0,1,0,1,0,0,4,0,0,0,1,1,1,0,1,1,0,1,1,1,0,1,9,0,1,0,0,0,0,0,0,0,1,0,1,0,1,0,0,4
"433",0.300757656532541,0,0,0,0,1,0,0,1,0,0,0,0,0,0,0,2,0,0,0,0,0,0,0,0,0,0,0,0,0,0,0,0,0,0,0,0,0,1,0,0,1,0,0,0,0,0,0,0,2
"434",1.43743087007397,0,0,1,1,1,0,1,0,0,0,1,0,1,0,0,6,1,1,1,1,1,1,1,1,1,1,1,1,1,1,1,15,0,0,0,1,1,1,0,1,0,0,0,1,0,1,0,0,6
"435",1.06879786620987,0,0,1,1,1,0,0,1,1,1,1,0,1,0,1,9,1,1,1,1,1,1,1,1,1,1,1,1,1,1,1,15,0,0,0,1,1,1,0,0,1,1,1,1,0,1,0,1,9
"436",-1.08866810296193,0,0,0,0,0,0,0,0,0,0,0,0,0,0,0,0,0,0,0,0,0,0,0,0,0,0,0,0,0,0,0,0,0,0,0,0,0,0,0,0,0,0,0,0,0,0,0,0,0
"437",1.90344916601101,0,0,0,1,0,0,0,1,1,0,1,0,0,0,0,4,1,1,1,1,1,1,1,1,1,1,1,1,1,0,1,14,0,0,0,0,1,0,0,0,1,1,0,1,0,0,0,0,4
"438",-1.60512128441704,0,1,0,0,0,0,1,0,0,1,0,0,1,0,0,4,0,0,0,0,0,0,0,0,0,0,0,0,0,0,0,0,0,0,0,0,0,0,0,0,0,0,0,0,0,0,0,0,0
"439",-0.921782772856267,0,0,1,1,1,1,0,0,0,1,1,1,1,0,1,9,0,0,0,0,0,0,0,0,0,0,0,0,0,0,0,0,0,0,0,1,1,1,1,0,0,0,1,1,1,1,0,1,9
"440",-0.487623812930129,0,0,0,0,0,0,0,0,0,0,0,0,0,0,1,1,1,1,1,1,1,1,1,1,1,1,1,1,1,1,1,15,0,0,0,0,0,0,0,0,0,0,0,0,0,0,0,1,1
"441",0.633698104485061,1,0,0,0,1,1,1,1,1,0,1,0,0,0,0,7,1,0,0,1,1,1,1,1,1,1,1,1,1,0,1,12,1,1,0,0,0,1,1,1,1,1,0,1,0,0,0,0,7
"442",-0.543120005177841,0,0,0,0,1,1,0,1,0,1,1,1,1,0,0,7,0,1,1,1,1,1,1,1,1,1,1,1,1,1,1,14,1,0,0,0,0,1,1,0,1,0,1,1,1,1,0,0,7
"443",-0.693551492025367,0,0,1,0,1,0,1,0,1,0,0,1,1,1,1,8,0,0,0,0,0,0,0,0,0,0,0,0,0,0,0,0,0,0,0,1,0,1,0,1,0,1,0,0,1,1,1,1,8
"444",-1.00598709759633,0,0,0,0,0,0,0,0,0,0,0,1,0,1,0,2,0,0,0,0,0,0,0,0,0,0,0,0,0,0,0,0,0,0,0,0,0,0,0,0,0,0,0,0,1,0,1,0,2
"445",-0.957804567280082,0,0,0,0,1,0,1,1,0,0,1,0,0,0,0,4,0,0,1,1,1,1,1,1,0,0,1,1,1,0,1,10,0,0,0,0,0,1,0,1,1,0,0,1,0,0,0,0,4
"446",2.15070069998083,1,0,0,1,1,1,1,1,1,1,1,1,1,0,1,12,1,0,0,0,1,1,0,1,0,1,1,0,1,0,1,8,0,1,0,0,1,1,1,1,1,1,1,1,1,1,0,1,12
"447",-0.749379626522874,0,1,1,1,1,1,1,1,1,1,1,1,1,1,0,13,0,0,1,1,1,1,1,1,1,1,1,1,1,1,1,13,0,0,1,1,1,1,1,1,1,1,1,1,1,1,1,0,13
"448",1.35245667888764,1,0,1,0,1,1,1,1,0,1,1,1,1,1,0,11,0,0,0,0,0,0,0,0,0,0,0,0,0,0,0,0,0,1,0,1,0,1,1,1,1,0,1,1,1,1,1,0,11
"449",0.251949061411144,0,0,0,0,0,0,0,1,0,0,1,0,0,0,0,2,0,0,0,1,1,1,0,1,1,1,1,1,1,0,1,10,0,0,0,0,0,0,0,0,1,0,0,1,0,0,0,0,2
"450",-0.621462901829192,0,0,0,0,0,1,0,0,0,0,1,0,0,0,0,2,1,1,1,1,1,1,1,1,1,1,1,1,1,1,1,15,0,1,1,1,1,1,1,1,1,1,1,1,1,1,1,1,15
"451",-1.03872687891273,0,0,0,1,0,0,0,0,0,0,1,0,1,0,0,3,0,0,0,0,0,0,0,0,0,0,0,0,0,0,0,0,0,0,0,0,1,0,0,0,0,0,0,1,0,1,0,0,3
"452",1.54682155883153,1,0,0,1,1,1,0,1,1,0,1,1,0,1,1,10,1,0,1,1,1,1,0,1,1,1,1,1,1,1,1,13,1,1,0,0,1,1,1,0,1,1,0,1,1,0,1,1,10
"453",-1.59364668792699,0,0,0,0,1,0,0,0,1,1,1,1,0,1,1,7,0,1,1,1,1,1,1,1,1,1,1,1,1,1,1,14,0,0,0,0,0,1,0,0,0,1,1,1,1,0,1,1,7
"454",0.958932510974539,1,1,0,0,1,1,1,1,1,1,1,0,1,1,1,12,0,0,0,0,1,1,0,0,0,0,1,0,0,0,0,3,0,1,1,0,0,1,1,1,1,1,1,1,0,1,1,1,12
"455",-0.0641320207541909,1,0,0,1,1,1,0,1,1,0,1,1,1,0,1,10,1,1,1,1,1,1,1,1,1,1,1,1,1,1,1,15,0,1,0,0,1,1,1,0,1,1,0,1,1,1,0,1,10
"456",1.0685768569548,1,0,0,1,1,1,1,1,0,0,1,1,1,0,0,9,1,0,0,1,1,1,0,1,0,0,1,1,1,0,0,8,0,1,0,0,1,1,1,1,1,0,0,1,1,1,0,0,9
"457",-1.13499116109707,0,0,1,0,1,1,0,1,0,0,0,1,0,1,1,7,1,1,1,1,1,1,1,1,1,1,1,1,1,1,1,15,0,0,0,1,0,1,1,0,1,0,0,0,1,0,1,1,7
"458",1.5445955644616,1,1,1,0,1,1,0,0,1,0,0,1,1,1,1,10,0,0,1,1,1,1,0,1,1,0,0,1,1,1,1,10,0,1,1,1,0,1,1,0,0,1,0,0,1,1,1,1,10
"459",1.71788118469021,0,0,0,0,0,0,0,0,0,1,0,0,0,0,1,2,0,0,0,0,1,1,0,0,0,0,0,0,0,0,1,3,0,0,0,0,0,0,0,0,0,0,1,0,0,0,0,1,2
"460",-0.320925194577551,0,0,0,1,1,1,0,0,0,1,1,1,0,0,1,7,0,0,0,1,1,1,0,1,0,1,1,1,0,0,1,8,0,0,0,0,1,1,1,0,0,0,1,1,1,0,0,1,7
"461",2.5914152447834,1,0,1,0,1,1,1,0,0,1,1,1,1,1,1,11,0,0,0,1,1,1,0,0,0,1,1,1,1,1,1,9,0,1,0,1,0,1,1,1,0,0,1,1,1,1,1,1,11
"462",-0.0873497385637739,0,0,1,1,1,1,1,1,1,1,1,1,1,1,0,12,0,0,1,1,1,1,1,1,1,1,1,1,1,1,1,13,0,0,0,1,1,1,1,1,1,1,1,1,1,1,1,0,12
"463",0.100903682129772,0,0,0,0,1,0,0,0,1,0,1,0,1,0,0,4,0,0,0,0,1,1,0,0,1,0,1,1,1,0,0,6,0,0,0,0,0,1,0,0,0,1,0,1,0,1,0,0,4
"464",0.220225069553819,0,1,0,0,0,1,0,1,1,0,1,0,0,0,0,5,1,1,1,1,1,1,1,1,1,1,1,1,1,1,1,15,0,0,1,0,0,0,1,0,1,1,0,1,0,0,0,0,5
"465",2.4712061289716,1,1,1,1,1,1,1,1,1,1,1,1,1,1,1,15,0,0,0,0,0,0,0,0,0,0,0,0,0,0,0,0,0,1,1,1,1,1,1,1,1,1,1,1,1,1,1,1,15
"466",0.201808470936949,0,1,1,0,1,0,1,1,0,0,1,1,1,0,1,9,0,1,1,1,1,1,1,1,1,1,1,1,1,0,1,13,0,0,1,1,1,1,1,1,1,1,1,1,1,1,0,1,13
"467",0.65813877970681,1,0,1,1,1,1,0,0,1,0,1,1,1,1,0,10,0,0,0,0,1,1,0,0,0,0,0,0,0,0,0,2,1,1,0,1,1,1,1,0,0,1,0,1,1,1,1,0,10
"468",-2.5740641442055,0,1,0,0,1,0,0,1,1,0,0,1,1,0,1,7,0,1,0,1,1,1,0,1,1,1,1,1,1,0,1,11,0,0,1,0,0,1,0,0,1,1,0,0,1,1,0,1,7
"469",0.274098472165299,0,0,0,0,1,0,1,1,0,1,1,1,0,1,1,8,0,0,0,0,0,0,0,0,0,0,0,0,0,0,0,0,0,0,0,0,0,1,0,1,1,0,1,1,1,0,1,1,8
"470",-0.196022187139133,0,0,0,0,0,0,1,0,1,0,1,1,0,1,0,5,0,0,1,1,1,1,1,1,1,1,1,1,1,1,1,13,0,0,0,0,0,0,0,1,0,1,0,1,1,0,1,0,5
"471",-0.94874864527317,0,0,1,1,1,1,0,1,0,0,1,0,0,0,0,6,1,1,1,1,1,1,1,1,1,1,1,1,1,1,1,15,0,0,0,1,1,1,1,0,1,0,0,1,0,0,0,0,6
"472",0.900095852203418,0,0,1,1,1,1,1,1,1,1,1,1,1,0,1,12,0,0,0,0,0,1,0,0,0,0,0,0,0,0,0,1,1,0,0,1,1,1,1,1,1,1,1,1,1,1,0,1,12
"473",-0.0196235066912366,0,0,0,1,1,0,0,0,1,0,0,1,1,1,0,6,0,0,0,1,1,1,0,0,1,0,0,1,1,0,1,7,0,0,0,0,1,1,0,0,0,1,0,0,1,1,1,0,6
"474",0.294333327868476,0,0,0,1,1,1,0,0,0,0,0,0,0,0,0,3,0,0,0,0,1,1,0,0,0,0,0,0,0,0,0,2,0,0,0,0,1,1,1,0,0,0,0,0,0,0,0,0,3
"475",-0.160182212314359,0,0,0,1,1,0,0,1,0,0,0,0,0,0,1,4,1,1,1,1,1,1,1,1,1,1,1,1,1,1,1,15,0,1,1,1,1,1,1,1,1,1,1,1,1,1,1,1,15
"476",-0.0899371202343006,0,0,1,1,1,1,0,0,1,1,1,1,1,0,1,10,0,0,0,0,0,0,0,0,0,0,0,0,0,0,0,0,0,0,0,1,1,1,1,0,0,1,1,1,1,1,0,1,10
"477",-0.0303973762398436,0,1,0,0,1,1,1,1,1,1,1,1,0,1,0,10,1,1,1,1,1,1,1,1,1,1,1,1,1,1,1,15,0,1,1,1,1,1,1,1,1,1,1,1,1,1,1,1,15
"478",1.21443659171239,1,0,1,1,1,1,1,0,1,1,0,1,1,1,1,12,0,0,0,1,1,1,0,0,0,0,0,1,0,0,0,4,0,1,0,1,1,1,1,1,0,1,1,0,1,1,1,1,12
"479",-0.858294552489794,1,0,1,1,1,1,0,1,1,1,1,1,1,1,1,13,1,1,1,1,1,1,0,1,1,1,1,1,1,1,1,14,0,1,0,1,1,1,1,0,1,1,1,1,1,1,1,1,13
"480",-0.102430220090728,1,1,1,0,1,1,0,1,1,0,1,1,1,1,1,12,1,1,1,1,1,1,1,1,1,1,1,1,1,1,1,15,0,1,1,1,0,1,1,0,1,1,0,1,1,1,1,1,12
"481",0.0250323350876882,1,0,1,1,1,1,1,1,0,1,1,0,0,0,0,9,1,1,1,1,1,1,1,1,1,1,1,1,1,1,1,15,0,1,0,1,1,1,1,1,1,0,1,1,0,0,0,0,9
"482",-0.321871019182844,0,0,1,0,1,0,0,0,0,0,0,1,0,0,1,4,0,0,0,0,1,0,0,0,0,0,0,0,0,0,0,1,0,0,0,1,0,1,0,0,0,0,0,0,1,0,0,1,4
"483",1.73792227105277,1,1,1,0,1,1,0,0,0,0,1,1,1,1,0,9,1,1,1,1,1,1,1,1,1,1,1,1,1,1,1,15,0,1,1,1,0,1,1,0,0,0,0,1,1,1,1,0,9
"484",1.06868281173634,1,1,1,1,1,1,1,0,1,1,1,1,0,0,0,11,1,1,1,1,1,1,1,1,1,1,1,1,1,0,1,14,0,1,1,1,1,1,1,1,1,1,1,1,1,1,0,1,14
"485",-0.33374032252805,1,0,0,1,1,0,0,1,1,1,0,1,1,1,1,10,1,1,1,1,1,1,1,1,1,1,1,1,1,1,1,15,0,1,0,0,1,1,0,0,1,1,1,0,1,1,1,1,10
"486",0.0498916267676845,0,1,0,1,1,0,1,1,0,0,1,1,1,0,0,8,1,1,1,1,1,1,1,1,1,1,1,1,1,1,1,15,0,0,1,0,1,1,0,1,1,0,0,1,1,1,0,0,8
"487",0.645116709033551,1,0,1,0,0,1,1,1,1,0,1,0,1,0,1,9,0,0,0,0,1,1,0,1,0,0,1,0,1,0,1,6,0,1,0,1,0,0,1,1,1,1,0,1,0,1,0,1,9
"488",-1.19076399847057,0,1,1,0,0,0,0,1,1,0,0,0,0,0,0,4,1,1,1,1,1,1,1,1,1,1,1,1,1,1,1,15,0,0,1,1,0,0,0,0,1,1,0,0,0,0,0,0,4
"489",-0.736945506640844,0,0,0,1,1,1,1,0,0,0,1,0,1,0,0,6,0,0,0,0,1,0,0,0,0,0,0,0,0,0,0,1,0,0,0,0,0,1,0,0,0,0,0,0,0,0,0,0,1
"490",-0.297713095093737,1,0,0,1,0,1,0,1,0,0,0,1,0,0,0,5,1,1,1,1,1,1,1,1,1,1,1,1,1,1,1,15,0,1,0,0,1,0,1,0,1,0,0,0,1,0,0,0,5
"491",-2.5607829655596,0,0,0,0,1,0,0,0,0,0,0,0,0,0,0,1,0,0,0,0,1,1,0,0,0,0,1,0,0,0,0,3,0,0,0,0,0,1,0,0,0,0,0,0,0,0,0,0,1
"492",0.902700049010618,1,1,1,1,1,1,1,1,1,0,1,1,1,1,0,13,1,1,1,1,1,1,1,1,1,1,1,1,1,1,1,15,0,1,1,1,1,1,1,1,1,1,0,1,1,1,1,0,13
"493",-0.351591692647941,0,0,1,0,0,1,1,1,0,1,0,0,0,1,0,6,0,0,0,0,0,1,0,0,0,0,0,0,0,0,0,1,0,0,0,1,0,0,1,1,1,0,1,0,0,0,1,0,6
"494",0.170065357867582,0,0,0,0,0,1,0,0,0,0,1,0,0,0,1,3,0,1,1,1,1,1,1,1,1,1,1,1,1,1,1,14,0,0,0,0,0,0,1,0,0,0,0,1,0,0,0,1,3
"495",-0.523752502926151,1,0,0,1,1,1,0,0,0,1,0,1,1,0,1,8,0,0,0,1,1,1,0,0,0,1,1,1,1,0,1,8,0,1,0,0,1,1,1,0,0,0,1,0,1,1,0,1,8
"496",0.391908992465019,0,1,0,0,1,0,0,0,1,1,1,0,0,0,0,5,1,1,1,1,1,1,1,1,1,1,1,1,1,1,1,15,0,0,1,0,0,1,0,0,0,1,1,1,0,0,0,0,5
"497",-0.7352367465008,0,1,1,1,1,1,1,1,1,1,1,1,1,1,1,14,0,1,1,1,1,1,0,1,1,1,1,1,1,1,1,13,0,0,1,1,1,1,1,1,1,1,1,1,1,1,1,1,14
"498",1.47027601379979,1,0,1,1,1,1,0,1,1,0,1,1,1,1,1,12,1,1,1,1,1,1,1,1,1,1,1,1,1,1,1,15,1,1,0,1,1,1,1,0,1,1,0,1,1,1,1,1,12
"499",-0.765987912608223,1,0,0,0,0,1,0,0,0,0,0,0,0,0,0,2,1,0,0,1,1,1,0,1,0,0,1,1,1,0,0,8,0,1,0,0,0,0,1,0,0,0,0,0,0,0,0,0,2
"500",-1.54776236488331,0,0,0,0,0,0,0,0,0,0,0,0,0,0,0,0,0,0,0,0,0,0,0,0,0,0,0,0,0,0,0,0,0,0,0,0,0,0,0,0,0,0,0,0,0,0,0,0,0
